InsCode,Symbol,DEven,PClosing,PDrCotVal,ZTotTran,QTotTran5J,QTotCap,PriceMin,PriceMax,PriceYesterday,PriceFirst
5599691633622269,بخاور,20200614,6424.00,6424.00,0,0,0.00,0.00,0.00,6424.00,0.00
5599691633622269,بخاور,20200615,6424.00,6424.00,0,0,0.00,0.00,0.00,6424.00,0.00
5599691633622269,بخاور,20200616,6424.00,6424.00,0,0,0.00,0.00,0.00,6424.00,0.00
5599691633622269,بخاور,20200620,6424.00,6424.00,0,0,0.00,0.00,0.00,6424.00,0.00
5599691633622269,بخاور,20200621,6424.00,6424.00,0,0,0.00,0.00,0.00,6424.00,0.00
5599691633622269,بخاور,20200622,8010.00,8010.00,657,18288632,146491942320.00,8010.00,8010.00,6424.00,8010.00
5599691633622269,بخاور,20200623,8410.00,8410.00,2183,25593686,215242899260.00,8410.00,8410.00,8010.00,8410.00
5599691633622269,بخاور,20200624,8778.00,8830.00,4935,46718299,410091566149.00,8100.00,8830.00,8410.00,8800.00
5599691633622269,بخاور,20200627,8606.00,8570.00,6074,33988592,292507513121.00,8340.00,9150.00,8778.00,9150.00
5599691633622269,بخاور,20200628,8246.00,8176.00,1561,8262977,68139050518.00,8176.00,8600.00,8606.00,8600.00
5599691633622269,بخاور,20200629,8008.00,7834.00,613,3287331,25752951054.00,7834.00,7834.00,8246.00,7834.00
5599691633622269,بخاور,20200630,8238.00,8408.00,4284,63680094,524573671012.00,7630.00,8408.00,8008.00,7630.00
5599691633622269,بخاور,20200701,8336.00,8360.00,4224,29844711,248783047559.00,8011.00,8570.00,8238.00,8550.00
5599691633622269,بخاور,20200704,7996.00,7920.00,3739,32694699,261428840758.00,7920.00,8360.00,8336.00,8156.00
5599691633622269,بخاور,20200705,8238.00,8395.00,2826,39181158,322770166627.00,7612.00,8395.00,7996.00,7920.00
5599691633622269,بخاور,20200706,8637.00,8649.00,990,9476136,81847911133.00,8400.00,8649.00,8238.00,8590.00
5599691633622269,بخاور,20200707,8599.00,8500.00,2991,20379576,175238391929.00,8310.00,8980.00,8637.00,8980.00
5599691633622269,بخاور,20200708,8220.00,8200.00,2534,27343093,224762386356.00,8170.00,8499.00,8599.00,8271.00
5599691633622269,بخاور,20200711,8353.00,8631.00,2137,19606890,163779448566.00,7809.00,8631.00,8220.00,7809.00
5599691633622269,بخاور,20200712,8770.00,8770.00,624,6119499,53668006230.00,8770.00,8770.00,8353.00,8770.00
5599691633622269,بخاور,20200713,9198.00,9208.00,1716,19126388,175916856016.00,8880.00,9208.00,8770.00,9208.00
5599691633622269,بخاور,20200714,9647.00,9657.00,2161,21119189,203729504395.00,9198.00,9657.00,9198.00,9657.00
5599691633622269,بخاور,20200715,9984.00,10129.00,2116,13209557,131889590928.00,9402.00,10129.00,9647.00,9999.00
5599691633622269,بخاور,20200718,10342.00,10483.00,1515,12655053,130882311529.00,9985.00,10483.00,9984.00,10000.00
5599691633622269,بخاور,20200719,10857.00,10859.00,2097,16798862,182389438815.00,10500.00,10859.00,10342.00,10859.00
5599691633622269,بخاور,20200720,10857.00,10859.00,0,0,0.00,0.00,0.00,10857.00,0.00
5599691633622269,بخاور,20200721,10857.00,10859.00,0,0,0.00,0.00,0.00,10857.00,0.00
5599691633622269,بخاور,20200722,10747.00,10749.00,0,0,0.00,0.00,0.00,10747.00,0.00
5599691633622269,بخاور,20200725,10814.00,10707.00,304,2227735,24252386018.00,10707.00,11270.00,10747.00,11270.00
5599691633622269,بخاور,20200726,10664.00,10274.00,290,1291199,13265778526.00,10274.00,10274.00,10814.00,10274.00
5599691633622269,بخاور,20200727,10552.00,10131.00,191,976062,9888484122.00,10131.00,10131.00,10664.00,10131.00
5599691633622269,بخاور,20200728,10042.00,10025.00,2506,22377090,224715192371.00,10025.00,10230.00,10552.00,10025.00
5599691633622269,بخاور,20200729,9729.00,10190.00,3163,25540801,248477263558.00,9540.00,10199.00,10042.00,9620.00
5599691633622269,بخاور,20200801,10215.00,10215.00,1027,9402881,96050429415.00,10215.00,10215.00,9729.00,10215.00
5599691633622269,بخاور,20200802,10707.00,10725.00,819,4957917,53173659825.00,10725.00,10725.00,10215.00,10725.00
5599691633622269,بخاور,20200803,10347.00,10430.00,1717,9841166,101827592697.00,10172.00,11000.00,10707.00,11242.00
5599691633622269,بخاور,20200804,10843.00,10864.00,839,7073037,76692903172.00,10430.00,10864.00,10347.00,10460.00
5599691633622269,بخاور,20200805,10826.00,10489.00,2229,11567525,125232439717.00,10310.00,11385.00,10843.00,11385.00
5599691633622269,بخاور,20200809,10505.00,10285.00,1067,5549537,58300036019.00,10285.00,11200.00,10826.00,10300.00
5599691633622269,بخاور,20200810,10331.00,9980.00,312,1533671,15306036580.00,9980.00,9980.00,10505.00,9980.00
5599691633622269,بخاور,20200811,10276.00,9815.00,109,495772,4866002180.00,9815.00,9815.00,10331.00,9815.00
5599691633622269,بخاور,20200812,9787.00,9850.00,1191,9911871,97003149442.00,9763.00,10276.00,10276.00,9763.00
5599691633622269,بخاور,20200815,9391.00,9298.00,534,4172818,38814156624.00,9298.00,9467.00,9787.00,9298.00
5599691633622269,بخاور,20200816,8931.00,8922.00,742,5168480,46159005609.00,8922.00,9150.00,9391.00,8922.00
5599691633622269,بخاور,20200817,8522.00,8540.00,975,8375065,71369439862.00,8485.00,8910.00,8931.00,8670.00
5599691633622269,بخاور,20200818,8872.00,8948.00,1180,7605767,67477481178.00,8520.00,8948.00,8522.00,8925.00
5599691633622269,بخاور,20200819,8489.00,8429.00,643,5860609,49748291782.00,8429.00,8945.00,8872.00,8900.00
5599691633622269,بخاور,20200822,8326.00,8458.00,1057,5558021,46224332713.00,8065.00,8830.00,8489.00,8830.00
5599691633622269,بخاور,20200823,8255.00,7910.00,189,1009831,7989283700.00,7910.00,8310.00,8326.00,7910.00
5599691633622269,بخاور,20200824,8189.00,7843.00,234,1039787,8195523477.00,7843.00,8400.00,8255.00,7843.00
5599691633622269,بخاور,20200825,8367.00,8598.00,390,3551505,30131814352.00,7810.00,8598.00,8189.00,7810.00
5599691633622269,بخاور,20200826,8512.00,8785.00,252,2036902,17894184070.00,8785.00,8785.00,8367.00,8785.00
5599691633622269,بخاور,20200831,8339.00,8269.00,973,8873718,73995264868.00,8087.00,8937.00,8512.00,8937.00
5599691633622269,بخاور,20200901,8096.00,8000.00,1079,11053555,89484795396.00,7923.00,8435.00,8339.00,8003.00
5599691633622269,بخاور,20200902,7838.00,7692.00,819,8424852,66034376380.00,7692.00,8200.00,8096.00,7704.00
5599691633622269,بخاور,20200905,8131.00,8229.00,504,6149882,50068880321.00,7711.00,8229.00,7838.00,7900.00
5599691633622269,بخاور,20200906,8515.00,8537.00,1075,17464492,148705860586.00,8002.00,8537.00,8131.00,8537.00
5599691633622269,بخاور,20200907,8421.00,8090.00,227,1444519,11702598572.00,8090.00,8490.00,8515.00,8200.00
5599691633622269,بخاور,20200908,8413.00,8000.00,23,125775,1006200000.00,8000.00,8000.00,8421.00,8000.00
5599691633622269,بخاور,20200909,8163.00,8002.00,696,4805814,38838284267.00,7993.00,8387.00,8413.00,7993.00
5599691633622269,بخاور,20200912,8295.00,8240.00,804,4895279,40769391973.00,7900.00,8571.00,8163.00,8500.00
5599691633622269,بخاور,20200913,8156.00,7907.00,504,2878169,23020447933.00,7881.00,8295.00,8295.00,8020.00
5599691633622269,بخاور,20200914,8032.00,7783.00,608,3341684,26496202020.00,7749.00,8150.00,8156.00,7761.00
5599691633622269,بخاور,20200915,8114.00,8100.00,761,3919450,31980437991.00,7800.00,8340.00,8032.00,7800.00
5599691633622269,بخاور,20200916,8026.00,7920.00,809,3813044,30400366766.00,7750.00,8290.00,8114.00,8001.00
5599691633622269,بخاور,20200919,7648.00,7625.00,764,7878760,60255090696.00,7625.00,7980.00,8026.00,7971.00
5599691633622269,بخاور,20200920,7611.00,7266.00,140,622192,4526590848.00,7266.00,7399.00,7648.00,7399.00
5599691633622269,بخاور,20200921,7607.00,7231.00,16,59792,432355952.00,7231.00,7231.00,7611.00,7231.00
5599691633622269,بخاور,20200922,7563.00,7227.00,94,726668,5251629636.00,7227.00,7227.00,7607.00,7227.00
5599691633622269,بخاور,20200923,7296.00,7185.00,618,7933009,57876776650.00,7185.00,7810.00,7563.00,7185.00
5599691633622269,بخاور,20200926,7240.00,6932.00,369,2241290,15971425625.00,6932.00,7660.00,7296.00,7010.00
5599691633622269,بخاور,20200927,7216.00,6878.00,56,452527,3112480706.00,6878.00,6878.00,7240.00,6878.00
5599691633622269,بخاور,20200928,7214.00,6856.00,16,31368,215059008.00,6856.00,6856.00,7216.00,6856.00
5599691633622269,بخاور,20200929,7024.00,6854.00,503,4347648,30062812620.00,6854.00,7450.00,7214.00,6854.00
5599691633622269,بخاور,20200930,6926.00,6700.00,391,1991598,13316569132.00,6673.00,7099.00,7024.00,6676.00
5599691633622269,بخاور,20201003,6968.00,7130.00,533,3993839,27962125599.00,6622.00,7229.00,6926.00,6622.00
5599691633622269,بخاور,20201004,6961.00,7000.00,333,1528278,10595790786.00,6660.00,7269.00,6968.00,7170.00
5599691633622269,بخاور,20201005,6821.00,6655.00,399,3602458,24068360617.00,6613.00,7060.00,6961.00,6614.00
5599691633622269,بخاور,20201006,6843.00,7162.00,56,498438,3557122578.00,7000.00,7162.00,6821.00,7087.00
5599691633622269,بخاور,20201007,7184.00,7185.00,356,7392032,53106292814.00,7020.00,7185.00,6843.00,7185.00
5599691633622269,بخاور,20201010,7384.00,7543.00,375,4096305,30818137900.00,7273.00,7543.00,7184.00,7273.00
5599691633622269,بخاور,20201011,7694.00,7700.00,423,5882431,45590693468.00,7550.00,7753.00,7384.00,7753.00
5599691633622269,بخاور,20201012,7642.00,7670.00,539,3881596,29500974649.00,7310.00,7990.00,7694.00,7700.00
5599691633622269,بخاور,20201013,7657.00,7898.00,522,3697917,28363144650.00,7390.00,7999.00,7642.00,7700.00
5599691633622269,بخاور,20201014,7867.00,8010.00,723,4579687,36527607534.00,7657.00,8039.00,7657.00,7995.00
5599691633622269,بخاور,20201018,7795.00,7640.00,421,2164698,16573337557.00,7474.00,8060.00,7867.00,8060.00
5599691633622269,بخاور,20201019,7700.00,7406.00,188,1577739,11696878422.00,7406.00,7770.00,7795.00,7406.00
5599691633622269,بخاور,20201020,7618.00,7580.00,258,1618518,11941620615.00,7315.00,7679.00,7700.00,7315.00
5599691633622269,بخاور,20201021,7924.00,7998.00,471,5215066,41672425401.00,7652.00,7998.00,7618.00,7997.00
5599691633622269,بخاور,20201024,7807.00,7528.00,523,2563326,19576581404.00,7528.00,8200.00,7924.00,8200.00
5599691633622269,بخاور,20201026,7713.00,7699.00,411,1809991,13539996880.00,7417.00,7780.00,7807.00,7417.00
5599691633622269,بخاور,20201027,7655.00,7540.00,354,1570435,11745864891.00,7328.00,7870.00,7713.00,7713.00
5599691633622269,بخاور,20201028,7560.00,7500.00,441,2182920,16113709736.00,7273.00,7700.00,7655.00,7310.00
5599691633622269,بخاور,20201031,7575.00,7550.00,485,3548649,26923752451.00,7300.00,7780.00,7560.00,7600.00
5599691633622269,بخاور,20201101,7538.00,7276.00,232,921821,6738437621.00,7201.00,7619.00,7575.00,7251.00
5599691633622269,بخاور,20201102,7468.00,7171.00,260,1369563,9857777878.00,7162.00,7490.00,7538.00,7162.00
5599691633622269,بخاور,20201104,7383.00,7190.00,310,1745444,12471832768.00,7095.00,7350.00,7468.00,7160.00
5599691633622269,بخاور,20201107,7277.00,7014.00,164,2024216,14224735344.00,7014.00,7300.00,7383.00,7300.00
5599691633622269,بخاور,20201108,7260.00,6914.00,38,309638,2140837132.00,6914.00,6914.00,7277.00,6914.00
5599691633622269,بخاور,20201109,7241.00,6897.00,32,352901,2433958197.00,6897.00,6897.00,7260.00,6897.00
5599691633622269,بخاور,20201110,7161.00,6879.00,132,1525541,10503851323.00,6879.00,7000.00,7241.00,6879.00
5599691633622269,بخاور,20201111,7024.00,7070.00,475,3588454,24768719597.00,6803.00,7230.00,7161.00,6803.00
5599691633622269,بخاور,20201114,7172.00,7360.00,417,3201035,23535266262.00,7100.00,7375.00,7024.00,7100.00
5599691633622269,بخاور,20201115,7238.00,6992.00,387,2937013,21532840664.00,6830.00,7530.00,7172.00,7530.00
5599691633622269,بخاور,20201116,7522.00,7599.00,545,8813923,66301616446.00,6890.00,7599.00,7238.00,6890.00
5599691633622269,بخاور,20201117,7756.00,7898.00,270,4425361,34951501178.00,7898.00,7898.00,7522.00,7898.00
5599691633622269,بخاور,20201118,8019.00,8143.00,627,4983544,40526470775.00,7914.00,8143.00,7756.00,8100.00
5599691633622269,بخاور,20201121,8209.00,8110.00,1444,7194058,59059086120.00,7720.00,8419.00,8019.00,8400.00
5599691633622269,بخاور,20201122,8224.00,8160.00,765,3748649,30864002665.00,7799.00,8540.00,8209.00,8190.00
5599691633622269,بخاور,20201123,8233.00,8349.00,870,4888399,40256659579.00,8100.00,8418.00,8224.00,8160.00
5599691633622269,بخاور,20201124,8012.00,7822.00,948,4868260,38702721079.00,7822.00,8540.00,8233.00,8540.00
5599691633622269,بخاور,20201125,8032.00,8080.00,869,5848619,46982777592.00,7612.00,8280.00,8012.00,7612.00
5599691633622269,بخاور,20201128,7894.00,7799.00,788,5822569,45908823907.00,7720.00,8100.00,8032.00,7970.00
5599691633622269,بخاور,20201129,8162.00,8288.00,1472,13318091,108706553256.00,7631.00,8288.00,7894.00,8000.00
5599691633622269,بخاور,20201130,8520.00,8570.00,803,6966692,59359454681.00,8300.00,8570.00,8162.00,8500.00
5599691633622269,بخاور,20201201,8717.00,8930.00,1576,12998770,113305752572.00,8140.00,8946.00,8520.00,8730.00
5599691633622269,بخاور,20201202,9129.00,9152.00,1570,14038504,128161939116.00,8717.00,9152.00,8717.00,8946.00
5599691633622269,بخاور,20201205,9540.00,9585.00,826,6263627,59756646193.00,9200.00,9585.00,9129.00,9450.00
5599691633622269,بخاور,20201206,9595.00,9550.00,2156,11477597,110131263437.00,9230.00,10017.00,9540.00,10015.00
5599691633622269,بخاور,20201207,9154.00,9116.00,1515,10013331,91658120622.00,9116.00,9500.00,9595.00,9401.00
5599691633622269,بخاور,20201208,9181.00,9358.00,1805,11001365,101004963205.00,8707.00,9500.00,9154.00,8750.00
5599691633622269,بخاور,20201209,9584.00,9640.00,1800,13136135,125901828247.00,9300.00,9640.00,9181.00,9517.00
5599691633622269,بخاور,20201212,9960.00,10063.00,1023,9619995,95817427688.00,9600.00,10063.00,9584.00,9970.00
5599691633622269,بخاور,20201213,10187.00,10099.00,2311,23662992,241061167395.00,9960.00,10458.00,9960.00,10458.00
5599691633622269,بخاور,20201214,9884.00,9678.00,1171,7167803,70849516572.00,9678.00,10300.00,10187.00,10300.00
5599691633622269,بخاور,20201215,9608.00,9390.00,273,2921997,27441390511.00,9390.00,9580.00,9884.00,9390.00
5599691633622269,بخاور,20201216,9179.00,9128.00,1084,10201942,93641961810.00,9128.00,9900.00,9608.00,9128.00
5599691633622269,بخاور,20201219,9375.00,9550.00,1027,6227182,58380047123.00,9020.00,9630.00,9179.00,9020.00
5599691633622269,بخاور,20201220,9590.00,9490.00,1883,12232023,117302237025.00,9220.00,9822.00,9375.00,9400.00
5599691633622269,بخاور,20201221,9578.00,9410.00,1100,5700321,54599163798.00,9200.00,9843.00,9590.00,9690.00
5599691633622269,بخاور,20201222,9427.00,9390.00,1219,6583764,62066923717.00,9217.00,9813.00,9578.00,9500.00
5599691633622269,بخاور,20201223,9597.00,9699.00,1361,7846679,75308302909.00,9311.00,9700.00,9427.00,9616.00
5599691633622269,بخاور,20201226,10033.00,9989.00,2323,17908691,179679321452.00,9780.00,10076.00,9597.00,9990.00
5599691633622269,بخاور,20201227,9617.00,9532.00,1244,7961546,76566903544.00,9532.00,10180.00,10033.00,10180.00
5599691633622269,بخاور,20201228,9303.00,9137.00,515,3549925,32503126030.00,9137.00,9388.00,9617.00,9270.00
5599691633622269,بخاور,20201229,8913.00,9150.00,1647,11280335,100542433503.00,8838.00,9298.00,9303.00,8868.00
5599691633622269,بخاور,20201230,9003.00,8550.00,1141,5298201,47699401818.00,8510.00,9300.00,8913.00,9300.00
5599691633622269,بخاور,20210102,8883.00,8553.00,263,1545142,13245095179.00,8553.00,8823.00,9003.00,8553.00
5599691633622269,بخاور,20210103,8559.00,8439.00,652,4484746,38040741601.00,8439.00,8705.00,8883.00,8439.00
5599691633622269,بخاور,20210104,8738.00,8750.00,1504,8316011,72668468009.00,8200.00,8986.00,8559.00,8200.00
5599691633622269,بخاور,20210105,8464.00,8470.00,1408,8654724,73254768236.00,8302.00,9100.00,8738.00,9100.00
5599691633622269,بخاور,20210106,8096.00,8041.00,652,6444794,52174487035.00,8041.00,8630.00,8464.00,8630.00
5599691633622269,بخاور,20210109,7798.00,7940.00,1017,8637876,67358836402.00,7692.00,8090.00,8096.00,7820.00
5599691633622269,بخاور,20210110,8026.00,7885.00,1076,6779455,54413743667.00,7856.00,8187.00,7798.00,7980.00
5599691633622269,بخاور,20210111,7726.00,7740.00,1207,8159106,63036529705.00,7625.00,8000.00,8026.00,7728.00
5599691633622269,بخاور,20210112,7413.00,7340.00,1102,8528925,63222203691.00,7340.00,8000.00,7726.00,8000.00
5599691633622269,بخاور,20210113,7292.00,7268.00,823,4185698,30282396046.00,7051.00,7489.00,7413.00,7051.00
5599691633622269,بخاور,20210116,7182.00,6928.00,344,2520364,17625731712.00,6928.00,7260.00,7292.00,7146.00
5599691633622269,بخاور,20210118,7166.00,6823.00,72,310792,2120533816.00,6823.00,6823.00,7182.00,6823.00
5599691633622269,بخاور,20210119,6833.00,6808.00,948,8035333,54906072152.00,6808.00,7090.00,7166.00,6808.00
5599691633622269,بخاور,20210120,6942.00,7079.00,723,4600402,32182736116.00,6651.00,7090.00,6833.00,6940.00
5599691633622269,بخاور,20210123,7230.00,7289.00,910,6236664,45367595396.00,7082.00,7289.00,6942.00,7082.00
5599691633622269,بخاور,20210124,7281.00,7060.00,1116,8104665,59012032499.00,6910.00,7591.00,7230.00,7580.00
5599691633622269,بخاور,20210125,7156.00,6980.00,585,4043464,28536912361.00,6950.00,7278.00,7281.00,6951.00
5599691633622269,بخاور,20210126,6945.00,6799.00,541,4874602,33362245453.00,6799.00,7130.00,7156.00,6800.00
5599691633622269,بخاور,20210127,7036.00,7243.00,939,7297014,51344824239.00,6600.00,7292.00,6945.00,6650.00
5599691633622269,بخاور,20210130,7295.00,7387.00,502,5323703,39296005841.00,7176.00,7387.00,7036.00,7310.00
5599691633622269,بخاور,20210131,7227.00,7149.00,892,7579504,54774624037.00,6931.00,7659.00,7295.00,7659.00
5599691633622269,بخاور,20210201,7110.00,7089.00,535,3927672,27556942243.00,6920.00,7134.00,7227.00,7050.00
5599691633622269,بخاور,20210202,7135.00,7150.00,827,5952417,42498663889.00,6806.00,7465.00,7110.00,6806.00
5599691633622269,بخاور,20210203,6973.00,6978.00,574,4899612,33804593532.00,6779.00,7370.00,7135.00,7370.00
5599691633622269,بخاور,20210206,6815.00,6625.00,535,3607904,24024145281.00,6625.00,7050.00,6973.00,6780.00
5599691633622269,بخاور,20210207,6891.00,6910.00,553,4012497,27892222675.00,6790.00,7089.00,6815.00,6790.00
5599691633622269,بخاور,20210208,6834.00,6730.00,473,3705083,25125124452.00,6650.00,7110.00,6891.00,6850.00
5599691633622269,بخاور,20210209,6802.00,6870.00,530,4584142,31098357603.00,6670.00,6930.00,6834.00,6898.00
5599691633622269,بخاور,20210213,7100.00,7210.00,320,5627410,40464657665.00,7000.00,7210.00,6802.00,7000.00
5599691633622269,بخاور,20210214,7353.00,7417.00,759,6404420,47327718250.00,7164.00,7526.00,7100.00,7526.00
5599691633622269,بخاور,20210215,7396.00,7360.00,509,3197979,23833979995.00,7208.00,7642.00,7353.00,7574.00
5599691633622269,بخاور,20210216,7350.00,7400.00,709,4060167,29690271440.00,7249.00,7470.00,7396.00,7369.00
5599691633622269,بخاور,20210217,7367.00,7400.00,466,3126693,23106750556.00,7300.00,7520.00,7350.00,7520.00
5599691633622269,بخاور,20210220,7305.00,7221.00,284,2999933,21679911997.00,7220.00,7290.00,7367.00,7220.00
5599691633622269,بخاور,20210221,7267.00,7159.00,216,1796458,12866884644.00,7159.00,7220.00,7305.00,7159.00
5599691633622269,بخاور,20210222,7249.00,7122.00,177,844794,6017038916.00,7122.00,7276.00,7267.00,7122.00
5599691633622269,بخاور,20210223,7233.00,7105.00,96,767182,5450828110.00,7105.00,7105.00,7249.00,7105.00
5599691633622269,بخاور,20210224,7216.00,7089.00,134,826268,5858211707.00,7089.00,7100.00,7233.00,7100.00
5599691633622269,بخاور,20210227,7213.00,7072.00,14,128623,909621856.00,7072.00,7072.00,7216.00,7072.00
5599691633622269,بخاور,20210228,7212.00,7069.00,5,47630,336696470.00,7069.00,7069.00,7213.00,7069.00
5599691633622269,بخاور,20210301,7211.00,7068.00,14,32294,228253992.00,7068.00,7068.00,7212.00,7068.00
5599691633622269,بخاور,20210302,7209.00,7067.00,24,74203,524392601.00,7067.00,7067.00,7211.00,7067.00
5599691633622269,بخاور,20210303,7209.00,7065.00,11,17668,124824420.00,7065.00,7065.00,7209.00,7065.00
5599691633622269,بخاور,20210306,7209.00,7065.00,10,19465,137520225.00,7065.00,7065.00,7209.00,7065.00
5599691633622269,بخاور,20210307,7207.00,7065.00,17,109265,771957225.00,7065.00,7065.00,7209.00,7065.00
5599691633622269,بخاور,20210308,7126.00,7063.00,301,3888089,27462012580.00,7063.00,7200.00,7207.00,7063.00
5599691633622269,بخاور,20210309,7077.00,6984.00,226,2420300,16906302750.00,6984.00,7070.00,7126.00,6984.00
5599691633622269,بخاور,20210310,7070.00,6936.00,51,342855,2378042280.00,6936.00,6936.00,7077.00,6936.00
5599691633622269,بخاور,20210313,7006.00,6929.00,266,3230357,22384627784.00,6929.00,6979.00,7070.00,6929.00
5599691633622269,بخاور,20210314,6950.00,6866.00,416,3404322,23452557493.00,6866.00,7220.00,7006.00,6870.00
5599691633622269,بخاور,20210315,6924.00,6811.00,203,1396674,9524931547.00,6811.00,6990.00,6950.00,6830.00
5599691633622269,بخاور,20210316,6899.00,6999.00,452,3811138,26210861170.00,6786.00,7040.00,6924.00,6786.00
5599691633622269,بخاور,20210317,6946.00,6974.00,398,2431779,17106192869.00,6901.00,7140.00,6899.00,7070.00
5599691633622269,بخاور,20210327,6998.00,7185.00,382,1955704,13955366102.00,6820.00,7286.00,6946.00,7016.00
5599691633622269,بخاور,20210328,7013.00,7000.00,274,1598584,11292567713.00,6952.00,7270.00,6998.00,7130.00
5599691633622269,بخاور,20210330,7020.00,7002.00,206,1298399,9158312382.00,6906.00,7190.00,7013.00,7000.00
5599691633622269,بخاور,20210331,7017.00,6965.00,274,1258188,8809882863.00,6951.00,7098.00,7020.00,7000.00
5599691633622269,بخاور,20210403,7005.00,7000.00,257,1558325,10851427149.00,6881.00,7145.00,7017.00,6900.00
5599691633622269,بخاور,20210404,6989.00,6920.00,243,1363718,9440560994.00,6878.00,7061.00,7005.00,7000.00
5599691633622269,بخاور,20210405,6978.00,6969.00,198,804869,5543775917.00,6850.00,7100.00,6989.00,6850.00
5599691633622269,بخاور,20210406,6960.00,6850.00,179,1170672,8042040878.00,6840.00,7049.00,6978.00,7049.00
5599691633622269,بخاور,20210407,6922.00,6823.00,204,2043324,13953019320.00,6821.00,6990.00,6960.00,6836.00
5599691633622269,بخاور,20210410,6896.00,6800.00,210,1463467,9940748814.00,6784.00,6890.00,6922.00,6800.00
5599691633622269,بخاور,20210411,6951.00,7015.00,684,4565294,31877888733.00,6759.00,7170.00,6896.00,6770.00
5599691633622269,بخاور,20210412,6980.00,6953.00,447,2810835,19751137802.00,6900.00,7154.00,6951.00,7015.00
5599691633622269,بخاور,20210413,7024.00,7119.00,388,2760824,19589946484.00,7000.00,7149.00,6980.00,7020.00
5599691633622269,بخاور,20210414,7031.00,7000.00,328,1951095,13751977463.00,7000.00,7148.00,7024.00,7094.00
5599691633622269,بخاور,20210417,7007.00,6891.00,374,2938531,20492600204.00,6891.00,7139.00,7031.00,6960.00
5599691633622269,بخاور,20210418,6959.00,6910.00,181,2497353,17159241332.00,6867.00,6950.00,7007.00,6867.00
5599691633622269,بخاور,20210419,6947.00,6830.00,147,662022,4519114139.00,6820.00,6949.00,6959.00,6850.00
5599691633622269,بخاور,20210420,6937.00,6809.00,203,1067303,7340746061.00,6809.00,6971.00,6947.00,6820.00
5599691633622269,بخاور,20210421,6907.00,6729.00,209,1511705,10272132905.00,6729.00,6940.00,6937.00,6731.00
5599691633622269,بخاور,20210424,6880.00,6700.00,195,1026785,6896505988.00,6700.00,6879.00,6907.00,6730.00
5599691633622269,بخاور,20210425,6861.00,6674.00,136,724772,4850041694.00,6674.00,6813.00,6880.00,6674.00
5599691633622269,بخاور,20210426,6845.00,6670.00,147,685275,4582993116.00,6656.00,6799.00,6861.00,6657.00
5599691633622269,بخاور,20210427,6823.00,6840.00,229,1021987,6835891001.00,6640.00,6840.00,6845.00,6642.00
5599691633622269,بخاور,20210428,6781.00,6619.00,220,2033676,13571473641.00,6619.00,6820.00,6823.00,6820.00
5599691633622269,بخاور,20210501,6778.00,6578.00,34,123371,811534438.00,6578.00,6578.00,6781.00,6578.00
5599691633622269,بخاور,20210502,6777.00,6575.00,12,21211,139462325.00,6575.00,6575.00,6778.00,6575.00
5599691633622269,بخاور,20210503,6774.00,6574.00,12,110000,723140000.00,6574.00,6574.00,6777.00,6574.00
5599691633622269,بخاور,20210505,6774.00,6571.00,6,6531,42915201.00,6571.00,6571.00,6774.00,6571.00
5599691633622269,بخاور,20210508,6769.00,6571.00,9,180830,1188233930.00,6571.00,6571.00,6774.00,6571.00
5599691633622269,بخاور,20210509,6765.00,6566.00,4,138864,911781024.00,6566.00,6566.00,6769.00,6566.00
5599691633622269,بخاور,20210510,6764.00,6563.00,7,38000,249394000.00,6563.00,6563.00,6765.00,6563.00
5599691633622269,بخاور,20210511,6760.00,6562.00,16,151791,996052542.00,6562.00,6562.00,6764.00,6562.00
5599691633622269,بخاور,20210512,6760.00,6558.00,4,10869,71278902.00,6558.00,6558.00,6760.00,6558.00
5599691633622269,بخاور,20210515,6502.00,6422.00,185,1696162,10893572649.00,6422.00,6620.00,6760.00,6422.00
5599691633622269,بخاور,20210516,6389.00,6177.00,106,784793,4850877556.00,6177.00,6420.00,6502.00,6182.00
5599691633622269,بخاور,20210517,6318.00,6070.00,95,616846,3784369015.00,6070.00,6350.00,6389.00,6071.00
5599691633622269,بخاور,20210518,6305.00,6003.00,18,91422,548806266.00,6003.00,6003.00,6318.00,6003.00
5599691633622269,بخاور,20210519,6300.00,5990.00,15,35897,215023030.00,5990.00,5990.00,6305.00,5990.00
5599691633622269,بخاور,20210522,6293.00,5985.00,11,55500,332167500.00,5985.00,5985.00,6300.00,5985.00
5599691633622269,بخاور,20210523,6291.00,5979.00,5,13846,82785234.00,5979.00,5979.00,6293.00,5979.00
5599691633622269,بخاور,20210524,6289.00,5977.00,5,13980,83558460.00,5977.00,5977.00,6291.00,5977.00
5599691633622269,بخاور,20210525,6282.00,5975.00,12,51959,310455025.00,5975.00,5975.00,6289.00,5975.00
5599691633622269,بخاور,20210526,6271.00,5968.00,14,82251,490873968.00,5968.00,5968.00,6282.00,5968.00
5599691633622269,بخاور,20210529,6232.00,5958.00,59,296056,1763901648.00,5958.00,5958.00,6271.00,5958.00
5599691633622269,بخاور,20210530,5936.00,5921.00,463,4934072,29290687435.00,5921.00,6171.00,6232.00,5921.00
5599691633622269,بخاور,20210531,5740.00,5640.00,147,1622796,9163571636.00,5640.00,5720.00,5936.00,5650.00
5599691633622269,بخاور,20210601,5529.00,5453.00,158,1764254,9621043446.00,5453.00,5510.00,5740.00,5453.00
5599691633622269,بخاور,20210602,5307.00,5479.00,623,5270156,27967304903.00,5253.00,5540.00,5529.00,5253.00
5599691633622269,بخاور,20210607,5452.00,5572.00,242,1899930,10493962730.00,5340.00,5572.00,5307.00,5550.00
5599691633622269,بخاور,20210608,5592.00,5724.00,76,1451888,8310606912.00,5724.00,5724.00,5452.00,5724.00
5599691633622269,بخاور,20210609,5858.00,5871.00,650,7451941,43649783504.00,5600.00,5871.00,5592.00,5871.00
5599691633622269,بخاور,20210612,5734.00,5566.00,259,1646486,9328056738.00,5566.00,5996.00,5858.00,5872.00
5599691633622269,بخاور,20210613,5547.00,5449.00,266,1735698,9472441866.00,5448.00,5680.00,5734.00,5448.00
5599691633622269,بخاور,20210614,5525.00,5480.00,242,1062096,5834306718.00,5350.00,5770.00,5547.00,5495.00
5599691633622269,بخاور,20210615,5460.00,5303.00,204,1057022,5673022986.00,5250.00,5634.00,5525.00,5634.00
5599691633622269,بخاور,20210616,5355.00,5300.00,203,1140193,5956636429.00,5188.00,5479.00,5460.00,5250.00
5599691633622269,بخاور,20210619,5293.00,5210.00,207,930685,4811482224.00,5110.00,5246.00,5355.00,5211.00
5599691633622269,بخاور,20210620,5179.00,5170.00,276,1939042,9943821460.00,5029.00,5287.00,5293.00,5111.00
5599691633622269,بخاور,20210621,5178.00,5211.00,193,1222012,6324858991.00,5000.00,5230.00,5179.00,5170.00
5599691633622269,بخاور,20210622,5380.00,5436.00,357,2519282,13611023687.00,5070.00,5436.00,5178.00,5070.00
5599691633622269,بخاور,20210623,5506.00,5520.00,214,1713643,9572001019.00,5455.00,5649.00,5380.00,5649.00
5599691633622269,بخاور,20210626,5669.00,5628.00,479,2697240,15294936416.00,5360.00,5781.00,5506.00,5360.00
5599691633622269,بخاور,20210627,5656.00,5567.00,287,1689316,9541514830.00,5530.00,5748.00,5669.00,5700.00
5599691633622269,بخاور,20210628,5633.00,5560.00,171,858130,4792132225.00,5511.00,5680.00,5656.00,5511.00
5599691633622269,بخاور,20210629,5626.00,5684.00,150,838758,4705041625.00,5523.00,5690.00,5633.00,5690.00
5599691633622269,بخاور,20210630,5887.00,5907.00,426,4013364,23627840995.00,5630.00,5907.00,5626.00,5690.00
5599691633622269,بخاور,20210703,5910.00,5800.00,289,1522358,9020728151.00,5640.00,6120.00,5887.00,5640.00
5599691633622269,بخاور,20210704,5919.00,5942.00,165,869694,5163622857.00,5703.00,6094.00,5910.00,5703.00
5599691633622269,بخاور,20210705,5984.00,6034.00,235,1524383,9188519314.00,5921.00,6120.00,5919.00,6099.00
5599691633622269,بخاور,20210706,6064.00,6000.00,521,5759609,34927714572.00,5940.00,6196.00,5984.00,6090.00
5599691633622269,بخاور,20210707,6044.00,5990.00,302,1648930,9948672093.00,5901.00,6157.00,6064.00,6064.00
5599691633622269,بخاور,20210710,6004.00,5921.00,309,1915388,11478288956.00,5881.00,6138.00,6044.00,6070.00
5599691633622269,بخاور,20210711,5957.00,5880.00,388,2121863,12622899377.00,5851.00,6040.00,6004.00,6040.00
5599691633622269,بخاور,20210712,5957.00,5940.00,336,1345787,8017191823.00,5730.00,6100.00,5957.00,5880.00
5599691633622269,بخاور,20210713,6035.00,6100.00,385,3709667,22386921180.00,5860.00,6149.00,5957.00,5990.00
5599691633622269,بخاور,20210714,6075.00,6200.00,379,3299718,20044688477.00,6001.00,6200.00,6035.00,6140.00
5599691633622269,بخاور,20210717,6301.00,6360.00,578,3420508,21551469009.00,6100.00,6378.00,6075.00,6280.00
5599691633622269,بخاور,20210718,6301.00,6360.00,0,0,0.00,0.00,0.00,6301.00,0.00
5599691633622269,بخاور,20210719,6301.00,6360.00,0,0,0.00,0.00,0.00,6301.00,0.00
5599691633622269,بخاور,20210726,6301.00,6360.00,0,0,0.00,0.00,0.00,6301.00,0.00
5599691633622269,بخاور,20210727,6201.00,6260.00,0,0,0.00,0.00,0.00,6201.00,0.00
5599691633622269,بخاور,20210728,6184.00,5891.00,45,131809,776486819.00,5891.00,5891.00,6201.00,5891.00
5599691633622269,بخاور,20210731,6107.00,5875.00,90,604571,3551854625.00,5875.00,5875.00,6184.00,5875.00
5599691633622269,بخاور,20210801,5805.00,5802.00,655,8336396,48390174876.00,5802.00,5900.00,6107.00,5802.00
5599691633622269,بخاور,20210802,5600.00,5530.00,788,7801894,43690595088.00,5515.00,5900.00,5805.00,5690.00
5599691633622269,بخاور,20210803,5491.00,5440.00,362,1650304,8978263968.00,5340.00,5616.00,5600.00,5481.00
5599691633622269,بخاور,20210804,5440.00,5532.00,386,2267714,12329273920.00,5278.00,5589.00,5491.00,5500.00
5599691633622269,بخاور,20210807,5542.00,5531.00,321,2321025,12908932547.00,5400.00,5660.00,5440.00,5400.00
5599691633622269,بخاور,20210808,5380.00,5400.00,400,3779550,20335723058.00,5310.00,5700.00,5542.00,5700.00
5599691633622269,بخاور,20210809,5407.00,5410.00,279,2395119,12961255728.00,5339.00,5535.00,5380.00,5340.00
5599691633622269,بخاور,20210810,5446.00,5490.00,237,1980748,10816221436.00,5422.00,5620.00,5407.00,5545.00
5599691633622269,بخاور,20210811,5455.00,5470.00,384,2218546,12105643576.00,5392.00,5552.00,5446.00,5400.00
5599691633622269,بخاور,20210814,5570.00,5620.00,354,3111728,17331421941.00,5384.00,5680.00,5455.00,5400.00
5599691633622269,بخاور,20210815,5561.00,5560.00,361,2135559,11871302520.00,5470.00,5718.00,5570.00,5718.00
5599691633622269,بخاور,20210822,5539.00,5542.00,591,4746741,26292257238.00,5400.00,5700.00,5561.00,5590.00
5599691633622269,بخاور,20210823,5740.00,5815.00,317,2637479,15151107025.00,5500.00,5815.00,5539.00,5680.00
5599691633622269,بخاور,20210824,6019.00,6027.00,468,3934959,23684762279.00,5900.00,6027.00,5740.00,5950.00
5599691633622269,بخاور,20210825,6082.00,6097.00,568,4530088,27550676804.00,6000.00,6309.00,6019.00,6060.00
5599691633622269,بخاور,20210828,6180.00,6300.00,806,7517172,46456059498.00,5979.00,6385.00,6082.00,6110.00
5599691633622269,بخاور,20210829,6416.00,6280.00,735,7660790,49147877140.00,6194.00,6489.00,6180.00,6487.00
5599691633622269,بخاور,20210830,6190.00,6430.00,515,5257098,32543724907.00,6096.00,6530.00,6416.00,6280.00
5599691633622269,بخاور,20210831,6458.00,6499.00,687,7784233,50270971883.00,6202.00,6499.00,6190.00,6430.00
5599691633622269,بخاور,20210901,6592.00,6659.00,540,4466667,29444340976.00,6478.00,6750.00,6458.00,6720.00
5599691633622269,بخاور,20210904,6475.00,6475.00,568,3669429,23758406646.00,6311.00,6765.00,6592.00,6680.00
5599691633622269,بخاور,20210905,6453.00,6495.00,355,2176552,14043821947.00,6210.00,6570.00,6475.00,6210.00
5599691633622269,بخاور,20210906,6563.00,6460.00,349,2373786,15579696037.00,6415.00,6706.00,6453.00,6549.00
5599691633622269,بخاور,20210907,6502.00,6530.00,301,1073372,6905378826.00,6300.00,6538.00,6563.00,6500.00
5599691633622269,بخاور,20210908,6481.00,6417.00,422,1380738,8929943989.00,6354.00,6547.00,6502.00,6420.00
5599691633622269,بخاور,20210911,6377.00,6256.00,271,1161843,7289189691.00,6181.00,6490.00,6481.00,6490.00
5599691633622269,بخاور,20210912,6203.00,6059.00,129,1526704,9333343847.00,6059.00,6300.00,6377.00,6180.00
5599691633622269,بخاور,20210913,5911.00,5893.00,290,3106660,18364654337.00,5893.00,6060.00,6203.00,5893.00
5599691633622269,بخاور,20210914,5862.00,5797.00,296,1858508,10872947949.00,5740.00,6047.00,5911.00,5900.00
5599691633622269,بخاور,20210915,5764.00,5700.00,342,1490510,8510034240.00,5670.00,5830.00,5862.00,5805.00
5599691633622269,بخاور,20210918,5622.00,5500.00,202,1853461,10314845149.00,5476.00,5800.00,5764.00,5800.00
5599691633622269,بخاور,20210919,5572.00,5457.00,170,1155297,6365799939.00,5357.00,5700.00,5622.00,5371.00
5599691633622269,بخاور,20210920,5530.00,5450.00,194,1448702,7963925271.00,5420.00,5765.00,5572.00,5572.00
5599691633622269,بخاور,20210921,5439.00,5368.00,186,1162204,6189636900.00,5261.00,5466.00,5530.00,5466.00
5599691633622269,بخاور,20210922,5243.00,5290.00,251,2316318,12087622723.00,5168.00,5426.00,5439.00,5273.00
5599691633622269,بخاور,20210925,5283.00,5380.00,177,834177,4488423486.00,5327.00,5460.00,5243.00,5460.00
5599691633622269,بخاور,20210926,5302.00,5320.00,181,1013781,5409075480.00,5275.00,5433.00,5283.00,5300.00
5599691633622269,بخاور,20210928,5299.00,5300.00,153,710576,3760234055.00,5220.00,5540.00,5302.00,5540.00
5599691633622269,بخاور,20210929,5301.00,5341.00,156,968762,5139144372.00,5250.00,5440.00,5299.00,5369.00
5599691633622269,بخاور,20211002,5301.00,5210.00,219,1665145,8825551420.00,5140.00,5423.00,5301.00,5140.00
5599691633622269,بخاور,20211003,5410.00,5566.00,567,4871042,26353982496.00,5180.00,5566.00,5301.00,5300.00
5599691633622269,بخاور,20211004,5464.00,5461.00,312,2432759,13315250945.00,5328.00,5633.00,5410.00,5633.00
5599691633622269,بخاور,20211006,5411.00,5330.00,289,1709432,9189761799.00,5330.00,5550.00,5464.00,5399.00
5599691633622269,بخاور,20211009,5329.00,5324.00,221,1550923,8163910154.00,5141.00,5529.00,5411.00,5379.00
5599691633622269,بخاور,20211010,5086.00,5063.00,390,6623341,33684479283.00,5063.00,5310.00,5329.00,5310.00
5599691633622269,بخاور,20211011,4909.00,4839.00,393,5079143,24931206424.00,4832.00,5171.00,5086.00,5001.00
5599691633622269,بخاور,20211012,4680.00,4665.00,255,2949520,13803968462.00,4664.00,4898.00,4909.00,4782.00
5599691633622269,بخاور,20211013,4552.00,4575.00,174,1987220,8945081522.00,4446.00,4662.00,4680.00,4600.00
5599691633622269,بخاور,20211016,4648.00,4779.00,301,2969747,13835264482.00,4522.00,4779.00,4552.00,4775.00
5599691633622269,بخاور,20211017,4648.00,4578.00,156,2093545,9731859685.00,4451.00,4800.00,4648.00,4648.00
5599691633622269,بخاور,20211018,4472.00,4480.00,304,5054835,22604859421.00,4416.00,4582.00,4648.00,4500.00
5599691633622269,بخاور,20211019,4485.00,4569.00,151,664122,3011189730.00,4464.00,4575.00,4472.00,4464.00
5599691633622269,بخاور,20211020,4478.00,4562.00,228,2348508,10509886660.00,4340.00,4620.00,4485.00,4450.00
5599691633622269,بخاور,20211023,4453.00,4354.00,127,696250,3035340363.00,4255.00,4558.00,4478.00,4380.00
5599691633622269,بخاور,20211025,4357.00,4239.00,216,1549801,6579679819.00,4231.00,4546.00,4453.00,4546.00
5599691633622269,بخاور,20211026,4330.00,4288.00,125,733790,3107545071.00,4150.00,4324.00,4357.00,4324.00
5599691633622269,بخاور,20211027,4323.00,4260.00,122,695760,2989680366.00,4180.00,4354.00,4330.00,4180.00
5599691633622269,بخاور,20211030,4310.00,4233.00,173,1189288,5096631023.00,4200.00,4378.00,4323.00,4210.00
5599691633622269,بخاور,20211031,4248.00,4095.00,79,1162611,4795066431.00,4095.00,4270.00,4310.00,4250.00
5599691633622269,بخاور,20211101,4252.00,4221.00,120,848124,3615066630.00,4036.00,4330.00,4248.00,4036.00
5599691633622269,بخاور,20211102,4250.00,4260.00,91,812209,3446780306.00,4196.00,4400.00,4252.00,4400.00
5599691633622269,بخاور,20211103,4257.00,4334.00,135,1101071,4702880672.00,4197.00,4380.00,4250.00,4250.00
5599691633622269,بخاور,20211106,4288.00,4324.00,182,836539,3670850424.00,4307.00,4442.00,4257.00,4440.00
5599691633622269,بخاور,20211107,4276.00,4200.00,121,964012,4091528906.00,4182.00,4316.00,4288.00,4253.00
5599691633622269,بخاور,20211108,4177.00,4065.00,205,2454680,10146024398.00,4063.00,4309.00,4276.00,4142.00
5599691633622269,بخاور,20211109,4170.00,4120.00,122,1007234,4181134709.00,4072.00,4269.00,4177.00,4089.00
5599691633622269,بخاور,20211110,4162.00,4189.00,135,1003471,4156062087.00,4056.00,4227.00,4170.00,4104.00
5599691633622269,بخاور,20211113,4051.00,4043.00,268,4166311,16879367053.00,4000.00,4298.00,4162.00,4298.00
5599691633622269,بخاور,20211114,4065.00,4060.00,139,1356153,5545723171.00,4014.00,4172.00,4051.00,4138.00
5599691633622269,بخاور,20211115,4023.00,3930.00,150,1438507,5697800614.00,3906.00,4152.00,4065.00,4152.00
5599691633622269,بخاور,20211116,3977.00,3860.00,154,1375397,5367472633.00,3859.00,4021.00,4023.00,3873.00
5599691633622269,بخاور,20211117,4010.00,4058.00,166,924552,3794934041.00,4000.00,4175.00,3977.00,4175.00
5599691633622269,بخاور,20211120,4001.00,3949.00,146,851891,3382047370.00,3810.00,4180.00,4010.00,4180.00
5599691633622269,بخاور,20211121,4010.00,4078.00,106,1225162,4934551528.00,3922.00,4080.00,4001.00,3978.00
5599691633622269,بخاور,20211122,4083.00,4100.00,241,1841870,7658376860.00,4011.00,4208.00,4010.00,4205.00
5599691633622269,بخاور,20211123,4090.00,4023.00,169,1575600,6458773658.00,4009.00,4181.00,4083.00,4100.00
5599691633622269,بخاور,20211124,4073.00,4140.00,130,1397034,5650992653.00,3969.00,4140.00,4090.00,4130.00
5599691633622269,بخاور,20211127,4068.00,4088.00,136,906968,3675773045.00,3993.00,4140.00,4073.00,4139.00
5599691633622269,بخاور,20211128,4066.00,4058.00,50,269070,1086640422.00,4012.00,4107.00,4068.00,4088.00
5599691633622269,بخاور,20211129,4053.00,4059.00,146,876766,3516027318.00,3951.00,4095.00,4066.00,4000.00
5599691633622269,بخاور,20211130,4051.00,4087.00,121,709501,2868339946.00,4030.00,4088.00,4053.00,4050.00
5599691633622269,بخاور,20211201,4043.00,4070.00,91,782232,3140659787.00,3981.00,4078.00,4051.00,4078.00
5599691633622269,بخاور,20211204,4032.00,3918.00,86,459708,1816367069.00,3914.00,4000.00,4043.00,3952.00
5599691633622269,بخاور,20211205,4039.00,4098.00,100,931957,3782331060.00,3950.00,4101.00,4032.00,3950.00
5599691633622269,بخاور,20211206,4040.00,4070.00,87,685443,2770806251.00,4002.00,4099.00,4039.00,4098.00
5599691633622269,بخاور,20211207,4042.00,4080.00,121,1269752,5137242681.00,3961.00,4080.00,4040.00,3961.00
5599691633622269,بخاور,20211208,4042.00,4080.00,0,0,0.00,0.00,0.00,4042.00,0.00
5599691633622269,بخاور,20211211,4042.00,4080.00,0,0,0.00,0.00,0.00,4042.00,0.00
5599691633622269,بخاور,20211212,4042.00,4080.00,0,0,0.00,0.00,0.00,4042.00,0.00
5599691633622269,بخاور,20211213,4042.00,4080.00,0,0,0.00,0.00,0.00,4042.00,0.00
5599691633622269,بخاور,20211214,4042.00,4080.00,0,0,0.00,0.00,0.00,4042.00,0.00
5599691633622269,بخاور,20211215,4042.00,4080.00,0,0,0.00,0.00,0.00,4042.00,0.00
5599691633622269,بخاور,20211218,4042.00,4080.00,0,0,0.00,0.00,0.00,4042.00,0.00
5599691633622269,بخاور,20211219,2205.00,2225.00,0,0,0.00,0.00,0.00,2205.00,0.00
5599691633622269,بخاور,20211220,2235.00,2211.00,135,3237307,7343921761.00,2130.00,2315.00,2205.00,2315.00
5599691633622269,بخاور,20211221,2221.00,2170.00,95,1398882,3031396926.00,2140.00,2201.00,2235.00,2201.00
5599691633622269,بخاور,20211222,2224.00,2235.00,96,1425697,3189134122.00,2123.00,2281.00,2221.00,2123.00
5599691633622269,بخاور,20211225,2226.00,2210.00,91,1344954,3002467815.00,2206.00,2271.00,2224.00,2270.00
5599691633622269,بخاور,20211226,2226.00,2230.00,68,831026,1850223593.00,2164.00,2270.00,2226.00,2164.00
5599691633622269,بخاور,20211227,2236.00,2251.00,122,1677811,3804492199.00,2194.00,2295.00,2226.00,2230.00
5599691633622269,بخاور,20211228,2237.00,2259.00,56,483274,1084980917.00,2212.00,2264.00,2236.00,2264.00
5599691633622269,بخاور,20211229,2234.00,2232.00,81,1167920,2592613030.00,2166.00,2260.00,2237.00,2259.00
5599691633622269,بخاور,20220101,2221.00,2140.00,64,1033764,2222165579.00,2123.00,2200.00,2234.00,2180.00
5599691633622269,بخاور,20220102,2218.00,2220.00,57,458344,998441659.00,2157.00,2270.00,2221.00,2270.00
5599691633622269,بخاور,20220103,2216.00,2186.00,32,576692,1263067264.00,2131.00,2220.00,2218.00,2219.00
5599691633622269,بخاور,20220104,2215.00,2205.00,37,201800,440669443.00,2140.00,2250.00,2216.00,2250.00
5599691633622269,بخاور,20220105,2211.00,2199.00,47,426084,916147309.00,2110.00,2226.00,2215.00,2213.00
5599691633622269,بخاور,20220108,2179.00,2148.00,103,2304769,4879467076.00,2101.00,2168.00,2211.00,2123.00
5599691633622269,بخاور,20220109,2177.00,2149.00,38,271766,580294836.00,2100.00,2229.00,2179.00,2229.00
5599691633622269,بخاور,20220110,2175.00,2175.00,33,343125,734929067.00,2122.00,2176.00,2177.00,2123.00
5599691633622269,بخاور,20220111,2177.00,2283.00,100,1308077,2860217451.00,2136.00,2283.00,2175.00,2140.00
5599691633622269,بخاور,20220112,2215.00,2224.00,267,2989798,6763455483.00,2081.00,2285.00,2177.00,2283.00
5599691633622269,بخاور,20220115,2275.00,2325.00,247,4109401,9509288802.00,2207.00,2325.00,2215.00,2207.00
5599691633622269,بخاور,20220116,2295.00,2372.00,233,1610691,3800905610.00,2320.00,2388.00,2275.00,2388.00
5599691633622269,بخاور,20220117,2292.00,2234.00,131,1058548,2411178311.00,2193.00,2370.00,2295.00,2370.00
5599691633622269,بخاور,20220118,2281.00,2217.00,93,813510,1787774554.00,2178.00,2230.00,2292.00,2220.00
5599691633622269,بخاور,20220119,2263.00,2169.00,97,1102245,2393312867.00,2167.00,2256.00,2281.00,2179.00
5599691633622269,بخاور,20220122,2255.00,2150.00,70,468775,1008544270.00,2150.00,2190.00,2263.00,2190.00
5599691633622269,بخاور,20220123,2251.00,2143.00,20,222154,476076022.00,2143.00,2143.00,2255.00,2143.00
5599691633622269,بخاور,20220124,2203.00,2139.00,103,2872704,6148898775.00,2139.00,2212.00,2251.00,2139.00
5599691633622269,بخاور,20220125,2174.00,2093.00,39,1748791,3660249563.00,2093.00,2105.00,2203.00,2105.00
5599691633622269,بخاور,20220126,2161.00,2130.00,102,1858364,3956820839.00,2066.00,2230.00,2174.00,2066.00
5599691633622269,بخاور,20220129,2161.00,2165.00,98,946944,2046677291.00,2094.00,2225.00,2161.00,2102.00
5599691633622269,بخاور,20220130,2160.00,2116.00,42,293667,624213389.00,2055.00,2175.00,2161.00,2055.00
5599691633622269,بخاور,20220131,2163.00,2153.00,94,1292607,2813039993.00,2083.00,2235.00,2160.00,2085.00
5599691633622269,بخاور,20220201,2174.00,2218.00,86,1543288,3416730128.00,2131.00,2268.00,2163.00,2131.00
5599691633622269,بخاور,20220202,2174.00,2172.00,65,910730,1978809109.00,2113.00,2227.00,2174.00,2135.00
5599691633622269,بخاور,20220205,2173.00,2160.00,67,599548,1296412517.00,2110.00,2214.00,2174.00,2159.00
5599691633622269,بخاور,20220206,2163.00,2090.00,88,894331,1876772379.00,2065.00,2155.00,2173.00,2119.00
5599691633622269,بخاور,20220207,2154.00,2100.00,72,1297507,2746231761.00,2075.00,2180.00,2163.00,2128.00
5599691633622269,بخاور,20220208,2151.00,2128.00,53,703432,1496883667.00,2100.00,2173.00,2154.00,2133.00
5599691633622269,بخاور,20220209,2141.00,2063.00,82,975047,2030635938.00,2061.00,2112.00,2151.00,2111.00
5599691633622269,بخاور,20220212,2127.00,2039.00,89,1836014,3835650936.00,2039.00,2170.00,2141.00,2077.00
5599691633622269,بخاور,20220213,2123.00,2047.00,40,408308,843880504.00,2044.00,2105.00,2127.00,2071.00
5599691633622269,بخاور,20220214,2120.00,2115.00,71,535303,1118587936.00,2046.00,2116.00,2123.00,2107.00
5599691633622269,بخاور,20220216,2088.00,2018.00,120,2350804,4760239430.00,2014.00,2080.00,2120.00,2070.00
5599691633622269,بخاور,20220219,2086.00,2075.00,50,362819,745172862.00,2028.00,2088.00,2088.00,2028.00
5599691633622269,بخاور,20220220,2085.00,2092.00,68,494052,1021236138.00,2038.00,2092.00,2086.00,2040.00
5599691633622269,بخاور,20220221,2086.00,2064.00,77,653502,1367921252.00,2053.00,2126.00,2085.00,2087.00
5599691633622269,بخاور,20220222,2083.00,2070.00,61,713188,1469745892.00,2004.00,2116.00,2086.00,2086.00
5599691633622269,بخاور,20220223,2083.00,2083.00,115,1365468,2846070180.00,2025.00,2120.00,2083.00,2025.00
5599691633622269,بخاور,20220226,2086.00,2133.00,65,704151,1486396877.00,2055.00,2146.00,2083.00,2056.00
5599691633622269,بخاور,20220227,2132.00,2190.00,264,3724531,8101333703.00,2118.00,2190.00,2086.00,2129.00
5599691633622269,بخاور,20220228,2175.00,2238.00,152,2960970,6621925586.00,2178.00,2238.00,2132.00,2229.00
5599691633622269,بخاور,20220302,2282.00,2283.00,330,8437275,19251677618.00,2238.00,2283.00,2175.00,2283.00
5599691633622269,بخاور,20220305,2304.00,2357.00,227,2239848,5258309162.00,2290.00,2385.00,2282.00,2350.00
5599691633622269,بخاور,20220306,2287.00,2298.00,212,2778355,6290089919.00,2199.00,2388.00,2304.00,2388.00
5599691633622269,بخاور,20220307,2279.00,2220.00,160,1389510,3124970462.00,2216.00,2298.00,2287.00,2298.00
5599691633622269,بخاور,20220308,2271.00,2238.00,84,1336924,2993653120.00,2202.00,2270.00,2279.00,2215.00
5599691633622269,بخاور,20220309,2271.00,2271.00,145,2507812,5698473287.00,2244.00,2313.00,2271.00,2259.00
5599691633622269,بخاور,20220312,2254.00,2183.00,72,1277545,2787286420.00,2158.00,2232.00,2271.00,2158.00
5599691633622269,بخاور,20220313,2342.00,2366.00,407,11317483,26508879055.00,2170.00,2366.00,2254.00,2190.00
5599691633622269,بخاور,20220314,2413.00,2459.00,624,13244564,31960651111.00,2235.00,2459.00,2342.00,2392.00
5599691633622269,بخاور,20220315,2520.00,2533.00,567,12065651,30410718235.00,2450.00,2533.00,2413.00,2527.00
5599691633622269,بخاور,20220316,2464.00,2490.00,456,6724680,16566437897.00,2394.00,2637.00,2520.00,2637.00
5599691633622269,بخاور,20220319,2435.00,2490.00,416,6174341,15037437592.00,2367.00,2548.00,2464.00,2500.00
5599691633622269,بخاور,20220326,2439.00,2484.00,111,816678,2013127380.00,2436.00,2549.00,2435.00,2549.00
5599691633622269,بخاور,20220327,2511.00,2560.00,245,5243206,13232477054.00,2431.00,2560.00,2439.00,2432.00
5599691633622269,بخاور,20220328,2511.00,2560.00,0,0,0.00,0.00,0.00,2511.00,0.00
5599691633622269,بخاور,20220329,2487.00,2524.00,212,4190638,10372597320.00,2412.00,2568.00,2511.00,2568.00
5599691633622269,بخاور,20220330,2496.00,2482.00,130,2659575,6672298836.00,2441.00,2600.00,2487.00,2441.00
5599691633622269,بخاور,20220403,2526.00,2522.00,217,3953406,10048072195.00,2481.00,2597.00,2496.00,2481.00
5599691633622269,بخاور,20220404,2513.00,2539.00,176,2829564,7071928239.00,2460.00,2600.00,2526.00,2460.00
5599691633622269,بخاور,20220405,2527.00,2551.00,185,1803426,4614767196.00,2467.00,2630.00,2513.00,2540.00
5599691633622269,بخاور,20220406,2550.00,2589.00,113,3021285,7775966738.00,2527.00,2652.00,2527.00,2527.00
5599691633622269,بخاور,20220409,2575.00,2610.00,249,3410604,8846104111.00,2476.00,2677.00,2550.00,2565.00
5599691633622269,بخاور,20220410,2606.00,2640.00,196,3281482,8631696767.00,2575.00,2680.00,2575.00,2656.00
5599691633622269,بخاور,20220411,2618.00,2618.00,110,1564118,4144504566.00,2540.00,2689.00,2606.00,2540.00
5599691633622269,بخاور,20220412,2636.00,2559.00,188,3369572,8924934493.00,2550.00,2730.00,2618.00,2728.00
5599691633622269,بخاور,20220413,2708.00,2767.00,238,5294790,14382254026.00,2515.00,2767.00,2636.00,2515.00
5599691633622269,بخاور,20220416,2768.00,2729.00,207,6022851,16671248544.00,2698.00,2840.00,2708.00,2797.00
5599691633622269,بخاور,20220417,2779.00,2769.00,364,8583599,23854919987.00,2630.00,2900.00,2768.00,2815.00
5599691633622269,بخاور,20220418,2775.00,2731.00,199,2632290,7291908053.00,2680.00,2845.00,2779.00,2720.00
5599691633622269,بخاور,20220419,2735.00,2670.00,237,4705804,12839786598.00,2650.00,2842.00,2775.00,2756.00
5599691633622269,بخاور,20220420,2677.00,2630.00,270,5157684,13786407309.00,2597.00,2784.00,2735.00,2734.00
5599691633622269,بخاور,20220424,2667.00,2670.00,141,1749901,4629500279.00,2600.00,2700.00,2677.00,2615.00
5599691633622269,بخاور,20220425,2682.00,2746.00,265,6143027,16473304010.00,2640.00,2779.00,2667.00,2649.00
5599691633622269,بخاور,20220426,2681.00,2695.00,855,20152212,54038104237.00,2619.00,2790.00,2682.00,2790.00
5599691633622269,بخاور,20220427,2682.00,2651.00,279,2479495,6654775977.00,2635.00,2751.00,2681.00,2681.00
5599691633622269,بخاور,20220430,2798.00,2842.00,629,12608078,35272174136.00,2560.00,2842.00,2682.00,2560.00
5599691633622269,بخاور,20220501,2905.00,2859.00,830,9850109,28618807037.00,2852.00,2965.00,2798.00,2935.00
5599691633622269,بخاور,20220502,2877.00,2825.00,354,3026152,8634605560.00,2800.00,2922.00,2905.00,2800.00
5599691633622269,بخاور,20220507,2821.00,2763.00,300,3167659,8821907928.00,2750.00,2828.00,2877.00,2827.00
5599691633622269,بخاور,20220508,2795.00,2753.00,216,2037077,5608764434.00,2710.00,2810.00,2821.00,2747.00
5599691633622269,بخاور,20220509,2756.00,2715.00,229,2606800,7081122161.00,2655.00,2810.00,2795.00,2710.00
5599691633622269,بخاور,20220510,2748.00,2757.00,185,1611612,4399644181.00,2653.00,2783.00,2756.00,2674.00
5599691633622269,بخاور,20220511,2740.00,2768.00,321,3016167,8245943463.00,2673.00,2777.00,2748.00,2673.00
5599691633622269,بخاور,20220514,2738.00,2710.00,220,2376405,6500300223.00,2699.00,2807.00,2740.00,2754.00
5599691633622269,بخاور,20220515,2749.00,2750.00,306,3562371,9812404866.00,2682.00,2790.00,2738.00,2720.00
5599691633622269,بخاور,20220516,2697.00,2689.00,893,14495798,39088613503.00,2651.00,2771.00,2749.00,2712.00
5599691633622269,بخاور,20220517,2628.00,2610.00,497,6633099,17429027492.00,2579.00,2707.00,2697.00,2700.00
5599691633622269,بخاور,20220518,2606.00,2633.00,566,5956751,15523960612.00,2520.00,2672.00,2628.00,2520.00
5599691633622269,بخاور,20220521,2576.00,2578.00,1094,21144189,54473521051.00,2513.00,2668.00,2606.00,2515.00
5599691633622269,بخاور,20220522,2598.00,2614.00,1289,27728679,72046018274.00,2548.00,2658.00,2576.00,2585.00
5599691633622269,بخاور,20220523,2648.00,2640.00,1277,20558103,54447362041.00,2519.00,2729.00,2598.00,2680.00
5599691633622269,بخاور,20220524,2564.00,2584.00,671,8244212,21136595574.00,2520.00,2632.00,2648.00,2615.00
5599691633622269,بخاور,20220525,2544.00,2544.00,551,6864457,17465504273.00,2500.00,2635.00,2564.00,2594.00
5599691633622269,بخاور,20220528,2503.00,2493.00,435,5584041,13964706720.00,2451.00,2575.00,2544.00,2575.00
5599691633622269,بخاور,20220529,2429.00,2378.00,449,5276930,12771982943.00,2377.00,2491.00,2503.00,2490.00
5599691633622269,بخاور,20220530,2393.00,2383.00,332,4885217,11653121226.00,2330.00,2496.00,2429.00,2496.00
5599691633622269,بخاور,20220531,2391.00,2405.00,243,3286022,7851732788.00,2311.00,2484.00,2393.00,2311.00
5599691633622269,بخاور,20220601,2509.00,2534.00,511,7143803,17926855555.00,2367.00,2534.00,2391.00,2390.00
5599691633622269,بخاور,20220606,2545.00,2577.00,574,9148621,23285546776.00,2500.00,2638.00,2509.00,2600.00
5599691633622269,بخاور,20220607,2520.00,2480.00,347,3478044,8703846933.00,2447.00,2635.00,2545.00,2577.00
5599691633622269,بخاور,20220608,2437.00,2439.00,421,5554494,13499927566.00,2393.00,2470.00,2520.00,2430.00
5599691633622269,بخاور,20220611,2402.00,2361.00,273,3619247,8606405670.00,2303.00,2475.00,2437.00,2393.00
5599691633622269,بخاور,20220612,2401.00,2361.00,286,3217633,7725019282.00,2333.00,2479.00,2402.00,2402.00
5599691633622269,بخاور,20220613,2382.00,2340.00,450,5056413,12025111731.00,2279.00,2478.00,2401.00,2450.00
5599691633622269,بخاور,20220614,2341.00,2283.00,274,4089471,9489296622.00,2275.00,2401.00,2382.00,2295.00
5599691633622269,بخاور,20220615,2333.00,2341.00,148,3223408,7494065748.00,2291.00,2383.00,2341.00,2291.00
5599691633622269,بخاور,20220618,2267.00,2220.00,319,4678121,10486980571.00,2205.00,2393.00,2333.00,2393.00
5599691633622269,بخاور,20220619,2247.00,2203.00,217,2581229,5724902206.00,2200.00,2270.00,2267.00,2220.00
5599691633622269,بخاور,20220620,2263.00,2280.00,200,2495711,5710919372.00,2160.00,2323.00,2247.00,2160.00
5599691633622269,بخاور,20220621,2259.00,2260.00,149,2476972,5582779635.00,2218.00,2328.00,2263.00,2328.00
5599691633622269,بخاور,20220622,2257.00,2263.00,113,1164039,2618523807.00,2195.00,2298.00,2259.00,2298.00
5599691633622269,بخاور,20220625,2254.00,2231.00,97,1086698,2430990213.00,2212.00,2288.00,2257.00,2288.00
5599691633622269,بخاور,20220626,2250.00,2162.00,104,1122188,2505446532.00,2162.00,2300.00,2254.00,2233.00
5599691633622269,بخاور,20220627,2244.00,2200.00,153,1490229,3316248486.00,2162.00,2270.00,2250.00,2162.00
5599691633622269,بخاور,20220628,2246.00,2270.00,152,1412840,3185623272.00,2226.00,2320.00,2244.00,2235.00
5599691633622269,بخاور,20220629,2243.00,2240.00,122,1311236,2925920170.00,2190.00,2270.00,2246.00,2270.00
5599691633622269,بخاور,20220702,2217.00,2179.00,192,2200372,4764778574.00,2146.00,2205.00,2243.00,2180.00
5599691633622269,بخاور,20220703,2209.00,2182.00,144,1308119,2845883248.00,2150.00,2200.00,2217.00,2200.00
5599691633622269,بخاور,20220704,2210.00,2270.00,203,3048424,6740145424.00,2169.00,2290.00,2209.00,2200.00
5599691633622269,بخاور,20220705,2216.00,2226.00,167,1030346,2318041984.00,2216.00,2288.00,2210.00,2288.00
5599691633622269,بخاور,20220706,2208.00,2199.00,111,1539250,3357989920.00,2170.00,2221.00,2216.00,2200.00
5599691633622269,بخاور,20220709,2206.00,2219.00,233,3060654,6747572369.00,2157.00,2275.00,2208.00,2173.00
5599691633622269,بخاور,20220711,2206.00,2219.00,0,0,0.00,0.00,0.00,2206.00,0.00
5599691633622269,بخاور,20220712,2206.00,2219.00,0,0,0.00,0.00,0.00,2206.00,0.00
5599691633622269,بخاور,20220713,2206.00,2219.00,0,0,0.00,0.00,0.00,2206.00,0.00
5599691633622269,بخاور,20220716,2172.00,2100.00,81,1791831,3798615322.00,2060.00,2189.00,2191.00,2073.00
5599691633622269,بخاور,20220717,2091.00,2052.00,387,6677063,13944453477.00,2052.00,2111.00,2172.00,2110.00
5599691633622269,بخاور,20220719,2091.00,2052.00,0,0,0.00,0.00,0.00,2091.00,0.00
5599691633622269,بخاور,20220720,2091.00,2052.00,0,0,0.00,0.00,0.00,2091.00,0.00
5599691633622269,بخاور,20220723,2091.00,2052.00,0,0,0.00,0.00,0.00,2091.00,0.00
5599691633622269,بخاور,20220724,2091.00,2052.00,0,0,0.00,0.00,0.00,2091.00,0.00
5599691633622269,بخاور,20220725,1916.00,1855.00,17,116973,217489185.00,1853.00,2031.00,1917.00,2031.00
5599691633622269,بخاور,20220726,1931.00,1971.00,234,4096118,7956641849.00,1804.00,1979.00,1916.00,1804.00
5599691633622269,بخاور,20220727,1995.00,2046.00,300,6072168,12185538029.00,1971.00,2046.00,1931.00,1971.00
5599691633622269,بخاور,20220730,2002.00,2039.00,137,2892777,5823023847.00,1980.00,2040.00,1995.00,1995.00
5599691633622269,بخاور,20220731,2003.00,2015.00,149,2659816,5334108793.00,1980.00,2063.00,2002.00,1981.00
5599691633622269,بخاور,20220801,2008.00,2033.00,107,1466338,2974721686.00,1980.00,2053.00,2003.00,1980.00
5599691633622269,بخاور,20220802,2016.00,2060.00,120,1702834,3481829542.00,1994.00,2088.00,2008.00,1994.00
5599691633622269,بخاور,20220803,2024.00,2053.00,109,2019518,4132770570.00,2023.00,2090.00,2016.00,2080.00
5599691633622269,بخاور,20220806,2012.00,1970.00,293,7536854,15161709966.00,1940.00,2108.00,2024.00,2108.00
5599691633622269,بخاور,20220809,2017.00,2045.00,156,2231688,4524139291.00,1901.00,2070.00,2012.00,1901.00
5599691633622269,بخاور,20220810,2025.00,2059.00,132,1772661,3633805082.00,2020.00,2076.00,2017.00,2020.00
5599691633622269,بخاور,20220813,2044.00,2105.00,138,1950620,4088381131.00,2049.00,2115.00,2025.00,2081.00
5599691633622269,بخاور,20220814,2056.00,2080.00,145,3043451,6309813652.00,2043.00,2124.00,2044.00,2080.00
5599691633622269,بخاور,20220815,2062.00,2098.00,133,1357011,2837755848.00,2050.00,2110.00,2056.00,2056.00
5599691633622269,بخاور,20220816,2069.00,2077.00,137,1681785,3520499543.00,2077.00,2128.00,2062.00,2128.00
5599691633622269,بخاور,20220817,2071.00,2090.00,104,1491830,3103466331.00,2071.00,2111.00,2069.00,2111.00
5599691633622269,بخاور,20220820,2074.00,2080.00,135,1540337,3212806009.00,2077.00,2111.00,2071.00,2106.00
5599691633622269,بخاور,20220821,2147.00,2198.00,315,10082429,21651858185.00,2082.00,2198.00,2074.00,2100.00
5599691633622269,بخاور,20220822,2190.00,2190.00,703,20479722,44843988494.00,2151.00,2275.00,2147.00,2275.00
5599691633622269,بخاور,20220823,2176.00,2151.00,448,6887354,14982810642.00,2149.00,2247.00,2190.00,2200.00
5599691633622269,بخاور,20220824,2225.00,2278.00,355,6827636,15214374529.00,2137.00,2300.00,2176.00,2166.00
5599691633622269,بخاور,20220827,2343.00,2358.00,526,14835677,34752820431.00,2224.00,2358.00,2225.00,2286.00
5599691633622269,بخاور,20220828,2319.00,2274.00,345,5565091,12880412336.00,2250.00,2469.00,2343.00,2469.00
5599691633622269,بخاور,20220829,2290.00,2309.00,272,3343715,7555245218.00,2202.00,2387.00,2319.00,2227.00
5599691633622269,بخاور,20220830,2225.00,2176.00,326,5370070,11859758104.00,2172.00,2276.00,2290.00,2276.00
5599691633622269,بخاور,20220831,2212.00,2168.00,152,1839826,4007620279.00,2157.00,2228.00,2225.00,2171.00
5599691633622269,بخاور,20220903,2206.00,2209.00,129,1324259,2891529069.00,2160.00,2220.00,2212.00,2204.00
5599691633622269,بخاور,20220904,2202.00,2210.00,145,2256942,4954083683.00,2164.00,2220.00,2206.00,2200.00
5599691633622269,بخاور,20220905,2200.00,2209.00,123,2843137,6248243723.00,2168.00,2269.00,2202.00,2210.00
5599691633622269,بخاور,20220906,2199.00,2173.00,89,2308870,5071456484.00,2160.00,2225.00,2200.00,2168.00
5599691633622269,بخاور,20220907,2190.00,2163.00,91,1772592,3838880602.00,2157.00,2188.00,2199.00,2173.00
5599691633622269,بخاور,20220910,2129.00,2120.00,234,7392743,15737770724.00,2085.00,2165.00,2190.00,2144.00
5599691633622269,بخاور,20220911,2132.00,2134.00,144,3080382,6577657225.00,2075.00,2186.00,2129.00,2075.00
5599691633622269,بخاور,20220912,2134.00,2140.00,80,1322260,2829956094.00,2076.00,2193.00,2132.00,2076.00
5599691633622269,بخاور,20220913,2139.00,2151.00,104,2411116,5176738454.00,2082.00,2170.00,2134.00,2137.00
5599691633622269,بخاور,20220914,2141.00,2149.00,119,2519601,5402971218.00,2136.00,2167.00,2139.00,2136.00
5599691633622269,بخاور,20220918,2138.00,2125.00,75,1300998,2761290901.00,2106.00,2148.00,2141.00,2106.00
5599691633622269,بخاور,20220919,2088.00,2095.00,276,14513764,30309170675.00,2070.00,2142.00,2138.00,2137.00
5599691633622269,بخاور,20220920,2058.00,2054.00,264,9881093,20335008864.00,2053.00,2081.00,2088.00,2063.00
5599691633622269,بخاور,20220921,2061.00,2057.00,75,2129736,4402448743.00,2030.00,2105.00,2058.00,2030.00
5599691633622269,بخاور,20220924,2052.00,2030.00,158,2291643,4657477532.00,2006.00,2081.00,2061.00,2081.00
5599691633622269,بخاور,20220926,2050.00,2072.00,132,4089721,8377484324.00,2003.00,2072.00,2052.00,2003.00
5599691633622269,بخاور,20220928,2060.00,2060.00,207,4553187,9405357863.00,2002.00,2082.00,2050.00,2002.00
5599691633622269,بخاور,20221001,2042.00,2022.00,178,4289195,8707072515.00,1960.00,2100.00,2060.00,2100.00
5599691633622269,بخاور,20221002,2017.00,2019.00,171,4224003,8446201687.00,1981.00,2027.00,2042.00,2002.00
5599691633622269,بخاور,20221003,1977.00,1910.00,204,6258393,12328874937.00,1910.00,2050.00,2017.00,2000.00
5599691633622269,بخاور,20221004,1916.00,1938.00,228,6680140,12764531744.00,1887.00,1970.00,1977.00,1947.00
5599691633622269,بخاور,20221008,1911.00,1883.00,181,7114576,13595309563.00,1880.00,1967.00,1916.00,1900.00
5599691633622269,بخاور,20221009,1864.00,1882.00,169,5932981,10968293689.00,1790.00,1896.00,1911.00,1880.00
5599691633622269,بخاور,20221010,1861.00,1885.00,166,5693310,10591590067.00,1840.00,1900.00,1864.00,1894.00
5599691633622269,بخاور,20221011,1890.00,1892.00,199,8784522,16605999688.00,1865.00,1963.00,1861.00,1928.00
5599691633622269,بخاور,20221012,1878.00,1878.00,234,11510265,21619246910.00,1870.00,1900.00,1890.00,1889.00
5599691633622269,بخاور,20221015,1869.00,1884.00,141,3639221,6758685843.00,1822.00,1910.00,1878.00,1850.00
5599691633622269,بخاور,20221016,1845.00,1840.00,225,9595771,17699818506.00,1827.00,1890.00,1869.00,1831.00
5599691633622269,بخاور,20221017,1825.00,1808.00,251,11003826,20079587567.00,1807.00,1893.00,1845.00,1831.00
5599691633622269,بخاور,20221018,1848.00,1882.00,127,3461622,6500447001.00,1825.00,1888.00,1825.00,1825.00
5599691633622269,بخاور,20221019,1846.00,1850.00,373,12787932,23605710198.00,1810.00,1905.00,1848.00,1890.00
5599691633622269,بخاور,20221022,1868.00,1847.00,396,18150678,33903283905.00,1846.00,1929.00,1846.00,1889.00
5599691633622269,بخاور,20221023,1855.00,1860.00,134,6183532,11448877669.00,1844.00,1889.00,1868.00,1889.00
5599691633622269,بخاور,20221024,1850.00,1847.00,122,3307442,6093194255.00,1832.00,1854.00,1855.00,1832.00
5599691633622269,بخاور,20221025,1843.00,1841.00,115,2386904,4357706609.00,1817.00,1842.00,1850.00,1831.00
5599691633622269,بخاور,20221026,1817.00,1812.00,171,6208695,11235393719.00,1792.00,1830.00,1843.00,1826.00
5599691633622269,بخاور,20221029,1795.00,1791.00,215,5191124,9252132020.00,1742.00,1832.00,1817.00,1747.00
5599691633622269,بخاور,20221030,1778.00,1802.00,159,4622603,8158145109.00,1736.00,1802.00,1795.00,1782.00
5599691633622269,بخاور,20221031,1784.00,1821.00,91,1666410,3009762582.00,1790.00,1825.00,1778.00,1790.00
5599691633622269,بخاور,20221101,1789.00,1817.00,142,1503698,2720846469.00,1782.00,1830.00,1784.00,1782.00
5599691633622269,بخاور,20221102,1796.00,1848.00,130,2289703,4157906669.00,1761.00,1849.00,1789.00,1761.00
5599691633622269,بخاور,20221105,1827.00,1818.00,292,12845833,23468033531.00,1801.00,1855.00,1796.00,1801.00
5599691633622269,بخاور,20221106,1817.00,1843.00,329,12949046,23534202710.00,1795.00,1885.00,1827.00,1800.00
5599691633622269,بخاور,20221107,1878.00,1898.00,323,7560395,14250346862.00,1836.00,1916.00,1817.00,1845.00
5599691633622269,بخاور,20221108,1939.00,1946.00,474,14468600,28048003201.00,1898.00,2009.00,1878.00,1923.00
5599691633622269,بخاور,20221109,1971.00,1964.00,391,9607882,18940336948.00,1945.00,2020.00,1939.00,1945.00
5599691633622269,بخاور,20221112,2037.00,2050.00,494,8848121,18020628603.00,2002.00,2066.00,1971.00,2003.00
5599691633622269,بخاور,20221113,2043.00,2040.00,324,6708125,13709226224.00,2002.00,2089.00,2037.00,2062.00
5599691633622269,بخاور,20221114,2029.00,2025.00,179,3239209,6511766267.00,1971.00,2040.00,2043.00,2031.00
5599691633622269,بخاور,20221115,2010.00,2010.00,265,10865620,21842519721.00,2000.00,2029.00,2029.00,2025.00
5599691633622269,بخاور,20221116,2017.00,2038.00,251,10709411,21604443320.00,2012.00,2048.00,2010.00,2015.00
5599691633622269,بخاور,20221119,2006.00,2025.00,194,5833917,11683533513.00,1979.00,2025.00,2017.00,2025.00
5599691633622269,بخاور,20221120,2019.00,2025.00,144,5186517,10499521340.00,1977.00,2045.00,2006.00,1977.00
5599691633622269,بخاور,20221121,2020.00,2017.00,115,4923188,9950390929.00,2015.00,2070.00,2019.00,2070.00
5599691633622269,بخاور,20221122,2021.00,2021.00,117,3000919,6068839453.00,2005.00,2040.00,2020.00,2015.00
5599691633622269,بخاور,20221123,2022.00,2037.00,78,1969976,3987306571.00,2019.00,2063.00,2021.00,2063.00
5599691633622269,بخاور,20221126,2141.00,2163.00,265,9103358,19486081190.00,2018.00,2163.00,2022.00,2018.00
5599691633622269,بخاور,20221127,2289.00,2290.00,974,45755314,104733655013.00,2230.00,2290.00,2141.00,2290.00
5599691633622269,بخاور,20221128,2382.00,2449.00,1322,36642273,87271962262.00,2183.00,2449.00,2289.00,2320.00
5599691633622269,بخاور,20221129,2509.00,2449.00,904,23540570,59071605083.00,2360.00,2548.00,2382.00,2450.00
5599691633622269,بخاور,20221130,2410.00,2382.00,428,8386343,20212229677.00,2370.00,2477.00,2509.00,2406.00
5599691633622269,بخاور,20221203,2309.00,2317.00,585,15176111,35047721064.00,2250.00,2419.00,2410.00,2382.00
5599691633622269,بخاور,20221204,2295.00,2349.00,870,40995626,94091190451.00,2260.00,2359.00,2309.00,2317.00
5599691633622269,بخاور,20221205,2448.00,2455.00,419,15887797,38887260354.00,2360.00,2455.00,2295.00,2408.00
5599691633622269,بخاور,20221206,2618.00,2619.00,425,19009096,49762043119.00,2547.00,2619.00,2448.00,2619.00
5599691633622269,بخاور,20221207,2699.00,2700.00,1338,41383278,111682555878.00,2620.00,2800.00,2618.00,2800.00
5599691633622269,بخاور,20221210,2561.00,2512.00,520,13272867,33985384623.00,2511.00,2690.00,2699.00,2690.00
5599691633622269,بخاور,20221211,2719.00,2740.00,667,19509392,53046438325.00,2523.00,2740.00,2561.00,2558.00
5599691633622269,بخاور,20221212,2747.00,2699.00,572,11307312,31063391298.00,2643.00,2829.00,2719.00,2770.00
5599691633622269,بخاور,20221213,2790.00,2730.00,591,13628572,38023946301.00,2670.00,2905.00,2747.00,2670.00
5599691633622269,بخاور,20221214,2711.00,2650.00,416,7645164,20726940166.00,2646.00,2783.00,2790.00,2733.00
5599691633622269,بخاور,20221217,2666.00,2690.00,320,6421973,17121128119.00,2604.00,2755.00,2711.00,2604.00
5599691633622269,بخاور,20221218,2681.00,2690.00,437,7560192,20270283843.00,2620.00,2748.00,2666.00,2718.00
5599691633622269,بخاور,20221219,2657.00,2610.00,265,3401195,8983534807.00,2595.00,2743.00,2681.00,2743.00
5599691633622269,بخاور,20221220,2672.00,2743.00,487,8146199,21766374816.00,2576.00,2769.00,2657.00,2600.00
5599691633622269,بخاور,20221221,2798.00,2859.00,586,14483315,40525097246.00,2716.00,2859.00,2672.00,2750.00
5599691633622269,بخاور,20221224,2974.00,2993.00,522,11944346,35527099915.00,2889.00,2993.00,2798.00,2952.00
5599691633622269,بخاور,20221225,3029.00,2928.00,692,12897880,39064256505.00,2918.00,3170.00,2974.00,3120.00
5599691633622269,بخاور,20221226,2939.00,2905.00,468,7653600,22495211137.00,2902.00,3032.00,3029.00,2920.00
5599691633622269,بخاور,20221228,2900.00,2920.00,677,11591238,33613420734.00,2860.00,3012.00,2939.00,3000.00
5599691633622269,بخاور,20221231,2726.00,2698.00,589,12980669,35386167423.00,2697.00,2890.00,2900.00,2890.00
5599691633622269,بخاور,20230101,2702.00,2716.00,391,5923924,16008980138.00,2630.00,2830.00,2726.00,2750.00
5599691633622269,بخاور,20230102,2753.00,2740.00,482,8375971,23060206834.00,2700.00,2870.00,2702.00,2720.00
5599691633622269,بخاور,20230103,2633.00,2625.00,723,14844102,39084408619.00,2572.00,2777.00,2753.00,2777.00
5599691633622269,بخاور,20230104,2664.00,2670.00,679,13763718,36660804291.00,2552.00,2789.00,2633.00,2688.00
5599691633622269,بخاور,20230107,2670.00,2660.00,622,8702785,23237326689.00,2650.00,2770.00,2664.00,2770.00
5599691633622269,بخاور,20230108,2748.00,2740.00,482,8655663,23788551875.00,2700.00,2814.00,2670.00,2726.00
5599691633622269,بخاور,20230109,2730.00,2667.00,805,14203510,38781810086.00,2650.00,2890.00,2748.00,2890.00
5599691633622269,بخاور,20230110,2734.00,2720.00,477,8927361,24403150062.00,2650.00,2790.00,2730.00,2720.00
5599691633622269,بخاور,20230111,2698.00,2671.00,422,5032307,13575577126.00,2630.00,2743.00,2734.00,2743.00
5599691633622269,بخاور,20230114,2789.00,2805.00,607,10384570,28959392437.00,2636.00,2880.00,2698.00,2650.00
5599691633622269,بخاور,20230115,2789.00,2805.00,0,0,0.00,0.00,0.00,2789.00,0.00
5599691633622269,بخاور,20230116,2797.00,2797.00,921,10469709,29285198303.00,2740.00,2880.00,2789.00,2880.00
5599691633622269,بخاور,20230117,2761.00,2760.00,588,6279270,17334571224.00,2725.00,2803.00,2797.00,2726.00
5599691633622269,بخاور,20230118,2853.00,2883.00,832,14990430,42763219309.00,2750.00,2915.00,2761.00,2799.00
5599691633622269,بخاور,20230121,2963.00,2923.00,977,17185661,50928782157.00,2860.00,3040.00,2853.00,2910.00
5599691633622269,بخاور,20230122,2843.00,2849.00,898,17500186,49753382404.00,2756.00,2970.00,2963.00,2970.00
5599691633622269,بخاور,20230123,2758.00,2736.00,805,7926597,21864638734.00,2710.00,2848.00,2843.00,2824.00
5599691633622269,بخاور,20230124,2645.00,2691.00,800,15317670,40519478639.00,2589.00,2758.00,2758.00,2755.00
5599691633622269,بخاور,20230125,2624.00,2619.00,505,8354228,21921635618.00,2560.00,2740.00,2645.00,2740.00
5599691633622269,بخاور,20230128,2675.00,2716.00,491,8109082,21695796845.00,2560.00,2760.00,2624.00,2586.00
5599691633622269,بخاور,20230129,2513.00,2524.00,580,12303862,30915017151.00,2488.00,2749.00,2675.00,2700.00
5599691633622269,بخاور,20230130,2468.00,2557.00,348,7085693,17489284998.00,2394.00,2560.00,2513.00,2501.00
5599691633622269,بخاور,20230131,2559.00,2580.00,208,2471669,6325544874.00,2510.00,2610.00,2468.00,2510.00
5599691633622269,بخاور,20230201,2573.00,2590.00,175,2338201,6016075539.00,2501.00,2601.00,2559.00,2583.00
5599691633622269,بخاور,20230205,2505.00,2465.00,194,4700773,11774798897.00,2408.00,2615.00,2573.00,2615.00
5599691633622269,بخاور,20230206,2487.00,2520.00,212,3910002,9723687705.00,2374.00,2560.00,2505.00,2441.00
5599691633622269,بخاور,20230207,2566.00,2570.00,154,1080233,2771662285.00,2492.00,2614.00,2487.00,2530.00
5599691633622269,بخاور,20230208,2553.00,2579.00,201,2393474,6111180273.00,2514.00,2591.00,2566.00,2564.00
5599691633622269,بخاور,20230212,2534.00,2500.00,369,3678892,9320726685.00,2500.00,2614.00,2553.00,2553.00
5599691633622269,بخاور,20230213,2544.00,2568.00,154,3258922,8290138357.00,2492.00,2584.00,2534.00,2550.00
5599691633622269,بخاور,20230214,2536.00,2540.00,195,1772758,4496234036.00,2519.00,2589.00,2544.00,2530.00
5599691633622269,بخاور,20230215,2527.00,2529.00,140,1983157,5011034489.00,2500.00,2563.00,2536.00,2502.00
5599691633622269,بخاور,20230219,2529.00,2533.00,127,2826083,7147153942.00,2519.00,2579.00,2527.00,2579.00
5599691633622269,بخاور,20230220,2628.00,2660.00,144,2500521,6571952739.00,2560.00,2685.00,2529.00,2569.00
5599691633622269,بخاور,20230221,2711.00,2723.00,217,4818313,13060151243.00,2610.00,2760.00,2628.00,2610.00
5599691633622269,بخاور,20230222,2624.00,2626.00,130,3101214,8137662065.00,2556.00,2753.00,2711.00,2753.00
5599691633622269,بخاور,20230225,2735.00,2754.00,248,5478840,14987184020.00,2665.00,2765.00,2624.00,2665.00
5599691633622269,بخاور,20230226,2734.00,2670.00,321,7347861,20088471741.00,2658.00,2830.00,2735.00,2760.00
5599691633622269,بخاور,20230227,2700.00,2719.00,167,3473777,9379187138.00,2632.00,2795.00,2734.00,2632.00
5599691633622269,بخاور,20230228,2738.00,2737.00,147,3443319,9426901407.00,2665.00,2799.00,2700.00,2670.00
5599691633622269,بخاور,20230301,2787.00,2740.00,172,2848891,7938673514.00,2682.00,2879.00,2738.00,2682.00
5599691633622269,بخاور,20230304,2712.00,2724.00,133,4202485,11398460721.00,2700.00,2830.00,2787.00,2710.00
5599691633622269,بخاور,20230305,2724.00,2715.00,145,2591925,7059644686.00,2691.00,2770.00,2712.00,2730.00
5599691633622269,بخاور,20230306,2709.00,2701.00,221,2150577,5825639107.00,2700.00,2749.00,2724.00,2702.00
5599691633622269,بخاور,20230307,2706.00,2731.00,249,3197977,8655015715.00,2691.00,2750.00,2709.00,2691.00
5599691633622269,بخاور,20230311,2754.00,2790.00,214,3797476,10459566498.00,2715.00,2818.00,2706.00,2728.00
5599691633622269,بخاور,20230312,2773.00,2713.00,629,10558179,29282615688.00,2697.00,2850.00,2754.00,2698.00
5599691633622269,بخاور,20230313,2727.00,2719.00,182,2286994,6237454600.00,2706.00,2796.00,2773.00,2712.00
5599691633622269,بخاور,20230314,2719.00,2711.00,322,2083327,5664611553.00,2706.00,2760.00,2727.00,2707.00
5599691633622269,بخاور,20230315,2758.00,2760.00,200,2457891,6778293797.00,2726.00,2818.00,2719.00,2818.00
5599691633622269,بخاور,20230318,2944.00,2951.00,311,12097176,35609186253.00,2779.00,2951.00,2758.00,2788.00
5599691633622269,بخاور,20230319,3072.00,3072.00,274,4548387,13972055563.00,3010.00,3147.00,2944.00,3147.00
5599691633622269,بخاور,20230325,3159.00,3199.00,243,4328788,13672850530.00,2983.00,3285.00,3072.00,3090.00
5599691633622269,بخاور,20230326,3060.00,3120.00,24,171087,523611373.00,2956.00,3178.00,3159.00,2956.00
5599691633622269,بخاور,20230327,3045.00,3066.00,288,5149349,15680371686.00,2975.00,3100.00,3060.00,3074.00
5599691633622269,بخاور,20230328,3159.00,3208.00,233,3037553,9596406844.00,3058.00,3250.00,3045.00,3070.00
5599691633622269,بخاور,20230329,3291.00,3292.00,297,3489473,11484128350.00,3197.00,3328.00,3159.00,3197.00
5599691633622269,بخاور,20230403,3187.00,3220.00,1023,11562947,36855690855.00,3074.00,3310.00,3291.00,3310.00
5599691633622269,بخاور,20230404,3251.00,3232.00,501,6533887,21241911567.00,3200.00,3379.00,3187.00,3340.00
5599691633622269,بخاور,20230405,3300.00,3328.00,309,5426904,17911052517.00,3214.00,3330.00,3251.00,3266.00
5599691633622269,بخاور,20230408,3375.00,3302.00,336,5636173,19024652680.00,3302.00,3474.00,3300.00,3310.00
5599691633622269,بخاور,20230409,3511.00,3611.00,511,17755612,62343747530.00,3306.00,3611.00,3375.00,3313.00
5599691633622269,بخاور,20230410,3755.00,3756.00,1816,44825747,168342493544.00,3720.00,3756.00,3511.00,3755.00
5599691633622269,بخاور,20230411,4011.00,4017.00,3779,80225584,321749264472.00,3840.00,4017.00,3755.00,3840.00
5599691633622269,بخاور,20230415,4015.00,3976.00,4252,55576083,223147462593.00,3850.00,4170.00,4011.00,4100.00
5599691633622269,بخاور,20230416,4040.00,4065.00,2613,29480793,119090707892.00,3896.00,4157.00,4015.00,3950.00
5599691633622269,بخاور,20230417,4024.00,3995.00,1411,13873951,55830850032.00,3860.00,4140.00,4040.00,4140.00
5599691633622269,بخاور,20230418,4232.00,4305.00,3427,59927751,253643615992.00,3950.00,4305.00,4024.00,4069.00
5599691633622269,بخاور,20230419,4182.00,4140.00,1534,22411694,93717084293.00,4080.00,4450.00,4232.00,4450.00
5599691633622269,بخاور,20230424,4026.00,4029.00,1239,14383020,57906407784.00,3962.00,4249.00,4182.00,4249.00
5599691633622269,بخاور,20230425,4179.00,4307.00,1479,29071000,121498131797.00,3959.00,4307.00,4026.00,3959.00
5599691633622269,بخاور,20230426,4410.00,4387.00,2073,34361086,151532098877.00,4240.00,4471.00,4179.00,4390.00
5599691633622269,بخاور,20230429,4621.00,4670.00,2179,29936714,138337364503.00,4302.00,4710.00,4410.00,4460.00
5599691633622269,بخاور,20230430,4524.00,4510.00,1711,22064318,99829682485.00,4435.00,4735.00,4621.00,4715.00
5599691633622269,بخاور,20230501,4452.00,4514.00,1215,17643331,78539614956.00,4327.00,4595.00,4524.00,4595.00
5599691633622269,بخاور,20230502,4702.00,4704.00,2147,29293383,137744637101.00,4360.00,4763.00,4452.00,4549.00
5599691633622269,بخاور,20230503,4576.00,4568.00,2542,21672679,99181106060.00,4450.00,4882.00,4702.00,4820.00
5599691633622269,بخاور,20230506,4665.00,4810.00,1251,19355170,90294954119.00,4410.00,4830.00,4576.00,4703.00
5599691633622269,بخاور,20230507,4463.00,4370.00,1219,22334642,99684071514.00,4356.00,4889.00,4665.00,4889.00
5599691633622269,بخاور,20230508,4170.00,4151.00,738,23942231,99838883965.00,4151.00,4360.00,4463.00,4248.00
5599691633622269,بخاور,20230509,4256.00,4449.00,1116,13837418,58896091344.00,3930.00,4461.00,4170.00,3930.00
5599691633622269,بخاور,20230510,4150.00,4060.00,910,17292957,71766066659.00,3960.00,4539.00,4256.00,4539.00
5599691633622269,بخاور,20230513,3906.00,4000.00,726,19125833,74698023571.00,3860.00,4005.00,4150.00,4000.00
5599691633622269,بخاور,20230514,4121.00,4179.00,369,6975226,28747615427.00,3900.00,4179.00,3906.00,3900.00
5599691633622269,بخاور,20230515,4324.00,4407.00,546,5945057,25706536577.00,4130.00,4409.00,4121.00,4395.00
5599691633622269,بخاور,20230517,4527.00,4548.00,421,3852632,17440188108.00,4110.00,4585.00,4324.00,4500.00
5599691633622269,بخاور,20230520,4441.00,4402.00,803,9607412,42662726763.00,4391.00,4658.00,4527.00,4549.00
5599691633622269,بخاور,20230521,4420.00,4420.00,357,5546001,24511458012.00,4250.00,4529.00,4441.00,4250.00
5599691633622269,بخاور,20230522,4417.00,4382.00,510,7062758,31194181532.00,4350.00,4543.00,4420.00,4400.00
5599691633622269,بخاور,20230523,4430.00,4410.00,472,7569943,33538448726.00,4399.00,4540.00,4417.00,4530.00
5599691633622269,بخاور,20230524,4675.00,4740.00,1128,24801437,115940809923.00,4372.00,4740.00,4430.00,4372.00
5599691633622269,بخاور,20230527,4837.00,4851.00,1306,21219049,102639355759.00,4564.00,4991.00,4675.00,4770.00
5599691633622269,بخاور,20230528,4947.00,5023.00,5513,86412414,427444444880.00,4600.00,5148.00,4837.00,4852.00
5599691633622269,بخاور,20230529,5148.00,5240.00,4905,63541225,327085743296.00,4947.00,5280.00,4947.00,5130.00
5599691633622269,بخاور,20230530,4955.00,4880.00,4438,54862531,271842518208.00,4788.00,5290.00,5148.00,5280.00
5599691633622269,بخاور,20230531,4617.00,4609.00,1952,37826481,174628434527.00,4609.00,4900.00,4955.00,4900.00
5599691633622269,بخاور,20230603,4590.00,4580.00,1332,18897090,86733639079.00,4500.00,4755.00,4617.00,4610.00
5599691633622269,بخاور,20230606,4541.00,4521.00,1128,15946079,72405535258.00,4481.00,4673.00,4590.00,4570.00
5599691633622269,بخاور,20230607,4600.00,4584.00,1095,13436684,61805066723.00,4430.00,4786.00,4541.00,4541.00
5599691633622269,بخاور,20230610,4293.00,4280.00,1309,33620322,144333054025.00,4278.00,4710.00,4600.00,4710.00
5599691633622269,بخاور,20230611,4216.00,4207.00,683,5572439,23491080735.00,4000.00,4390.00,4293.00,4000.00
5599691633622269,بخاور,20230612,4028.00,4040.00,685,15035134,60568212643.00,3921.00,4301.00,4216.00,4300.00
5599691633622269,بخاور,20230613,4026.00,3999.00,345,5181704,20863633366.00,3975.00,4080.00,4028.00,4050.00
5599691633622269,بخاور,20230614,4055.00,4018.00,317,3890423,15773806585.00,3986.00,4150.00,4026.00,3986.00
5599691633622269,بخاور,20230617,4065.00,4066.00,329,4651111,18906694124.00,4020.00,4190.00,4055.00,4190.00
5599691633622269,بخاور,20230618,4015.00,4001.00,395,9627988,38652267292.00,3971.00,4089.00,4065.00,4066.00
5599691633622269,بخاور,20230619,4124.00,4160.00,492,6242160,25739698761.00,3930.00,4230.00,4015.00,4010.00
5599691633622269,بخاور,20230620,4273.00,4362.00,706,9947928,42503319798.00,4161.00,4379.00,4124.00,4161.00
5599691633622269,بخاور,20230621,4370.00,4348.00,373,4685596,20478320155.00,4262.00,4446.00,4273.00,4390.00
5599691633622269,بخاور,20230624,4184.00,4174.00,472,9476445,39649366406.00,4150.00,4334.00,4370.00,4252.00
5599691633622269,بخاور,20230625,4216.00,4154.00,312,4979312,20991030390.00,4074.00,4301.00,4184.00,4074.00
5599691633622269,بخاور,20230626,4168.00,4162.00,336,6413509,26729278946.00,3992.00,4275.00,4216.00,3992.00
5599691633622269,بخاور,20230627,4172.00,4112.00,347,7769882,32413565345.00,4039.00,4250.00,4168.00,4039.00
5599691633622269,بخاور,20230628,4157.00,4175.00,248,5098459,21194651970.00,4032.00,4200.00,4172.00,4172.00
5599691633622269,بخاور,20230701,4315.00,4299.00,532,9837891,42451881010.00,4221.00,4378.00,4157.00,4221.00
5599691633622269,بخاور,20230702,4589.00,4617.00,1096,22341432,102520809052.00,4298.00,4617.00,4315.00,4298.00
5599691633622269,بخاور,20230703,4605.00,4540.00,639,9247368,42586657238.00,4500.00,4780.00,4589.00,4770.00
5599691633622269,بخاور,20230704,4595.00,4620.00,632,8326644,38262482178.00,4351.00,4690.00,4605.00,4351.00
5599691633622269,بخاور,20230705,4614.00,4618.00,334,4897708,22598670247.00,4515.00,4645.00,4595.00,4640.00
5599691633622269,بخاور,20230708,4575.00,4537.00,723,5489247,25115877193.00,4523.00,4639.00,4614.00,4523.00
5599691633622269,بخاور,20230709,4522.00,4530.00,255,5214960,23582615560.00,4469.00,4576.00,4575.00,4537.00
5599691633622269,بخاور,20230710,4537.00,4548.00,321,4123144,18706769394.00,4460.00,4619.00,4522.00,4522.00
5599691633622269,بخاور,20230711,4553.00,4405.00,577,9088815,41377545337.00,4396.00,4730.00,4537.00,4598.00
5599691633622269,بخاور,20230712,4273.00,4271.00,385,7531470,32180473838.00,4235.00,4600.00,4553.00,4360.00
5599691633622269,بخاور,20230715,4267.00,4320.00,234,4545054,19395464175.00,4222.00,4344.00,4273.00,4309.00
5599691633622269,بخاور,20230716,4498.00,4525.00,989,20527449,92331834117.00,4204.00,4565.00,4267.00,4320.00
5599691633622269,بخاور,20230717,4416.00,4410.00,778,11315329,49973798682.00,4206.00,4644.00,4498.00,4535.00
5599691633622269,بخاور,20230718,4430.00,4400.00,533,8096443,35870291362.00,4301.00,4588.00,4416.00,4496.00
5599691633622269,بخاور,20230719,4430.00,4400.00,0,0,0.00,0.00,0.00,4430.00,0.00
5599691633622269,بخاور,20230722,4430.00,4400.00,0,0,0.00,0.00,0.00,4430.00,0.00
5599691633622269,بخاور,20230723,4430.00,4400.00,0,0,0.00,0.00,0.00,4430.00,0.00
5599691633622269,بخاور,20230724,4332.00,4357.00,170,3554890,15399664987.00,4210.00,4520.00,4280.00,4295.00
5599691633622269,بخاور,20230725,4507.00,4550.00,456,8350839,37638936405.00,4402.00,4569.00,4332.00,4402.00
5599691633622269,بخاور,20230726,4643.00,4572.00,461,5461896,25360714022.00,4360.00,4745.00,4507.00,4635.00
5599691633622269,بخاور,20230729,4633.00,4700.00,677,12037155,55767464106.00,4450.00,4774.00,4643.00,4643.00
5599691633622269,بخاور,20230730,4565.00,4624.00,464,6889117,31451353265.00,4472.00,4750.00,4633.00,4750.00
5599691633622269,بخاور,20230731,4595.00,4648.00,355,5908468,27147846491.00,4496.00,4698.00,4565.00,4590.00
5599691633622269,بخاور,20230801,4584.00,4620.00,281,2426553,11124419344.00,4562.00,4671.00,4595.00,4621.00
5599691633622269,بخاور,20230805,4624.00,4700.00,845,15852153,73303936158.00,4461.00,4750.00,4584.00,4461.00
5599691633622269,بخاور,20230806,4537.00,4550.00,336,4374373,19845034324.00,4500.00,4629.00,4624.00,4601.00
5599691633622269,بخاور,20230807,4609.00,4563.00,368,4808639,22164999155.00,4522.00,4745.00,4537.00,4522.00
5599691633622269,بخاور,20230808,4583.00,4552.00,244,4519212,20713056334.00,4533.00,4659.00,4609.00,4558.00
5599691633622269,بخاور,20230809,4588.00,4635.00,289,4820426,22115660719.00,4517.00,4700.00,4583.00,4517.00
5599691633622269,بخاور,20230812,4513.00,4520.00,291,3200445,14442515408.00,4430.00,4600.00,4588.00,4541.00
5599691633622269,بخاور,20230813,4491.00,4550.00,450,10708497,48094748556.00,4394.00,4599.00,4513.00,4599.00
5599691633622269,بخاور,20230814,4513.00,4486.00,112,858860,3876326391.00,4483.00,4599.00,4491.00,4599.00
5599691633622269,بخاور,20230815,4462.00,4430.00,261,3961542,17675555743.00,4326.00,4585.00,4513.00,4498.00
