InsCode,DEven,PClosing,PDrCotVal,ZTotTran,QTotTran5J,QTotCap,PriceMin,PriceMax,PriceYesterday,PriceFirst
71483646978964608,20211215,1000.00,1000.00,0,0,0.00,0.00,0.00,1000.00,0.00
71483646978964608,20211218,1000.00,1000.00,0,0,0.00,0.00,0.00,1000.00,0.00
71483646978964608,20211219,1000.00,1000.00,0,0,0.00,0.00,0.00,1000.00,0.00
71483646978964608,20211220,1000.00,1000.00,0,0,0.00,0.00,0.00,1000.00,0.00
71483646978964608,20211221,1000.00,1000.00,0,0,0.00,0.00,0.00,1000.00,0.00
71483646978964608,20211222,1000.00,1000.00,0,0,0.00,0.00,0.00,1000.00,0.00
71483646978964608,20211225,1000.00,1000.00,0,0,0.00,0.00,0.00,1000.00,0.00
71483646978964608,20211226,3618.00,3605.00,2090,74715054,270344068711.00,3590.00,3675.00,1000.00,3624.00
71483646978964608,20211227,3781.00,3798.00,6849,220940055,835269163218.00,3610.00,3798.00,3618.00,3645.00
71483646978964608,20211228,3788.00,3770.00,4236,70894531,268555627554.00,3710.00,3845.00,3781.00,3790.00
71483646978964608,20211229,3737.00,3661.00,3307,51089874,190918050184.00,3651.00,3840.00,3788.00,3792.00
71483646978964608,20220101,3622.00,3640.00,2502,47410194,171712691914.00,3560.00,3682.00,3737.00,3640.00
71483646978964608,20220102,3614.00,3607.00,2235,28469600,102898166613.00,3581.00,3659.00,3622.00,3601.00
71483646978964608,20220103,3591.00,3550.00,2192,29702980,106669035846.00,3535.00,3697.00,3614.00,3614.00
71483646978964608,20220104,3494.00,3495.00,2349,64025629,223679415135.00,3430.00,3550.00,3591.00,3536.00
71483646978964608,20220105,3474.00,3460.00,1685,19463382,67502871145.00,3425.00,3510.00,3494.00,3430.00
71483646978964608,20220108,3468.00,3427.00,2272,29389525,101909487991.00,3425.00,3525.00,3474.00,3430.00
71483646978964608,20220109,3312.00,3295.00,3605,63435343,210114571944.00,3295.00,3432.00,3468.00,3430.00
71483646978964608,20220110,3237.00,3252.00,2413,39662985,128388877922.00,3170.00,3295.00,3312.00,3220.00
71483646978964608,20220111,3263.00,3250.00,1772,27561646,89944517416.00,3218.00,3332.00,3237.00,3310.00
71483646978964608,20220112,3272.00,3294.00,1885,32391929,105999867884.00,3222.00,3305.00,3263.00,3285.00
71483646978964608,20220115,3223.00,3180.00,1743,19867990,63801585822.00,3160.00,3280.00,3272.00,3248.00
71483646978964608,20220116,3143.00,3160.00,1856,23603195,74115360777.00,3101.00,3222.00,3223.00,3159.00
71483646978964608,20220117,3018.00,2986.00,2844,72966314,220226484506.00,2986.00,3195.00,3143.00,3170.00
71483646978964608,20220118,2868.00,2868.00,672,25132249,72079290132.00,2868.00,2868.00,3018.00,2868.00
71483646978964608,20220119,2740.00,2758.00,7884,228466128,626097659001.00,2725.00,2820.00,2868.00,2725.00
71483646978964608,20220122,2651.00,2603.00,4367,107941407,286200272904.00,2603.00,2850.00,2740.00,2795.00
71483646978964608,20220123,2522.00,2519.00,990,31395792,79166777666.00,2519.00,2588.00,2651.00,2526.00
71483646978964608,20220124,2522.00,2519.00,0,0,0.00,0.00,0.00,2522.00,0.00
71483646978964608,20220125,2522.00,2519.00,0,0,0.00,0.00,0.00,2522.00,0.00
71483646978964608,20220126,2480.00,2545.00,4675,115628493,286812147802.00,2396.00,2570.00,2522.00,2550.00
71483646978964608,20220129,2583.00,2604.00,2331,58679462,151546331963.00,2500.00,2604.00,2480.00,2551.00
71483646978964608,20220130,2612.00,2600.00,3458,70877982,185153747241.00,2561.00,2699.00,2583.00,2699.00
71483646978964608,20220131,2664.00,2700.00,3171,74669803,198938439613.00,2520.00,2722.00,2612.00,2598.00
71483646978964608,20220201,2665.00,2641.00,2571,50726557,135162174690.00,2621.00,2738.00,2664.00,2705.00
71483646978964608,20220202,2614.00,2590.00,2471,35314464,92303747393.00,2585.00,2664.00,2665.00,2620.00
71483646978964608,20220205,2589.00,2561.00,4435,50749506,131385342996.00,2560.00,2620.00,2614.00,2614.00
71483646978964608,20220206,2492.00,2460.00,2020,49626119,123658747188.00,2460.00,2556.00,2589.00,2556.00
71483646978964608,20220207,2413.00,2408.00,2747,50534485,121961906881.00,2382.00,2450.00,2492.00,2400.00
71483646978964608,20220208,2422.00,2410.00,2528,41170328,99734965162.00,2376.00,2465.00,2413.00,2376.00
71483646978964608,20220209,2444.00,2471.00,2499,32797209,80161692931.00,2396.00,2487.00,2422.00,2405.00
71483646978964608,20220212,2451.00,2429.00,2068,30214367,74064921549.00,2409.00,2488.00,2444.00,2487.00
71483646978964608,20220213,2366.00,2339.00,2689,49100553,116170376826.00,2329.00,2450.00,2451.00,2450.00
71483646978964608,20220214,2362.00,2363.00,2226,33346492,78754226613.00,2317.00,2383.00,2366.00,2330.00
71483646978964608,20220216,2396.00,2400.00,2444,41074011,98400670640.00,2340.00,2445.00,2362.00,2363.00
71483646978964608,20220219,2372.00,2354.00,2032,28715246,68122350761.00,2352.00,2420.00,2396.00,2400.00
71483646978964608,20220220,2310.00,2309.00,2202,37128654,85768131340.00,2287.00,2400.00,2372.00,2358.00
71483646978964608,20220221,2349.00,2370.00,2304,44506381,104555996107.00,2295.00,2376.00,2310.00,2330.00
71483646978964608,20220222,2385.00,2401.00,1988,31195380,74387172806.00,2352.00,2406.00,2349.00,2360.00
71483646978964608,20220223,2405.00,2414.00,1914,31851814,76591330537.00,2390.00,2433.00,2385.00,2405.00
71483646978964608,20220226,2359.00,2330.00,1959,25701494,60628339760.00,2329.00,2400.00,2405.00,2400.00
71483646978964608,20220227,2347.00,2354.00,1571,22874669,53674620921.00,2303.00,2371.00,2359.00,2350.00
71483646978964608,20220228,2355.00,2349.00,1544,26237828,61778399181.00,2347.00,2370.00,2347.00,2350.00
71483646978964608,20220302,2334.00,2320.00,1903,26962530,62921609573.00,2317.00,2377.00,2355.00,2360.00
71483646978964608,20220305,2362.00,2375.00,2940,68028611,160657639749.00,2320.00,2408.00,2334.00,2320.00
71483646978964608,20220306,2457.00,2480.00,3577,102492476,251860598547.00,2390.00,2480.00,2362.00,2405.00
71483646978964608,20220307,2570.00,2521.00,4352,181343106,466001584289.00,2517.00,2579.00,2457.00,2579.00
71483646978964608,20220308,2519.00,2505.00,2647,53149154,133888274132.00,2494.00,2570.00,2570.00,2500.00
71483646978964608,20220309,2490.00,2460.00,3254,75715235,188507955999.00,2450.00,2550.00,2519.00,2499.00
71483646978964608,20220312,2405.00,2400.00,2292,55560056,133642727736.00,2391.00,2460.00,2490.00,2450.00
71483646978964608,20220313,2406.00,2408.00,2179,40533583,97540241630.00,2372.00,2459.00,2405.00,2395.00
71483646978964608,20220314,2404.00,2400.00,1618,30518025,73354653167.00,2380.00,2445.00,2406.00,2428.00
71483646978964608,20220315,2400.00,2395.00,1643,34702275,83283230449.00,2387.00,2430.00,2404.00,2430.00
71483646978964608,20220316,2449.00,2473.00,1933,36185158,88613562638.00,2400.00,2492.00,2400.00,2410.00
71483646978964608,20220319,2521.00,2542.00,2517,60009537,151295149949.00,2474.00,2568.00,2449.00,2510.00
71483646978964608,20220326,2614.00,2647.00,4032,103904504,271613738420.00,2510.00,2647.00,2521.00,2571.00
71483646978964608,20220327,2639.00,2619.00,2996,58772141,155090219177.00,2600.00,2682.00,2614.00,2650.00
71483646978964608,20220328,2712.00,2745.00,4987,143264705,388468981340.00,2576.00,2770.00,2639.00,2640.00
71483646978964608,20220329,2694.00,2665.00,3100,63270755,170462874057.00,2650.00,2763.00,2712.00,2763.00
71483646978964608,20220330,2735.00,2749.00,2824,69574232,190279278928.00,2635.00,2795.00,2694.00,2635.00
71483646978964608,20220403,2859.00,2871.00,2593,116194320,332212416012.00,2750.00,2871.00,2735.00,2750.00
71483646978964608,20220404,2880.00,2797.00,6317,166995735,480999754876.00,2781.00,3001.00,2859.00,3001.00
71483646978964608,20220405,2885.00,2881.00,3905,98789256,284984724861.00,2820.00,2928.00,2880.00,2830.00
71483646978964608,20220406,2817.00,2762.00,3666,84290351,237417670049.00,2752.00,2910.00,2885.00,2879.00
71483646978964608,20220409,2824.00,2873.00,3200,80290155,226744001057.00,2723.00,2877.00,2817.00,2750.00
71483646978964608,20220410,2948.00,2936.00,4899,165407549,487650030266.00,2880.00,2965.00,2824.00,2900.00
71483646978964608,20220411,2946.00,2950.00,3221,64533520,190098881563.00,2900.00,2983.00,2948.00,2942.00
71483646978964608,20220412,2802.00,2799.00,2813,133431490,373819033894.00,2799.00,2878.00,2946.00,2799.00
71483646978964608,20220413,2766.00,2774.00,2894,53744446,148634138457.00,2672.00,2820.00,2802.00,2672.00
71483646978964608,20220416,2745.00,2732.00,4106,65541588,179928535888.00,2715.00,2810.00,2766.00,2775.00
71483646978964608,20220417,2734.00,2745.00,3387,76016451,207815278866.00,2690.00,2772.00,2745.00,2735.00
71483646978964608,20220418,2778.00,2740.00,4694,84632303,235113563259.00,2703.00,2834.00,2734.00,2703.00
71483646978964608,20220419,2763.00,2755.00,3017,57928451,160073809991.00,2715.00,2796.00,2778.00,2755.00
71483646978964608,20220420,2786.00,2802.00,3233,69628469,193982204059.00,2762.00,2819.00,2763.00,2770.00
71483646978964608,20220424,2789.00,2802.00,3174,70625780,196975819496.00,2759.00,2835.00,2786.00,2835.00
71483646978964608,20220425,2886.00,2928.00,5913,215347306,621414162669.00,2755.00,2928.00,2789.00,2800.00
71483646978964608,20220426,2934.00,2920.00,4970,117486089,344670687245.00,2902.00,2969.00,2886.00,2950.00
71483646978964608,20220427,2876.00,2875.00,4381,78065637,224554748889.00,2840.00,2944.00,2934.00,2944.00
71483646978964608,20220430,2863.00,2850.00,3898,79202946,226733400494.00,2830.00,2900.00,2876.00,2877.00
71483646978964608,20220501,2875.00,2874.00,3345,74245368,213475028171.00,2834.00,2908.00,2863.00,2834.00
71483646978964608,20220502,2885.00,2901.00,2717,45612204,131576144624.00,2858.00,2909.00,2875.00,2880.00
71483646978964608,20220507,2902.00,2907.00,3972,81460718,236431737072.00,2863.00,2929.00,2885.00,2920.00
71483646978964608,20220508,3020.00,3047.00,8980,258505248,780628172934.00,2890.00,3047.00,2902.00,2929.00
71483646978964608,20220509,3102.00,3049.00,9975,205740593,638199638030.00,3031.00,3171.00,3020.00,3110.00
71483646978964608,20220510,3031.00,3027.00,4809,99174615,300605447041.00,2987.00,3079.00,3102.00,3030.00
71483646978964608,20220511,3113.00,3122.00,4394,83961962,261346499527.00,3050.00,3178.00,3031.00,3050.00
71483646978964608,20220514,3092.00,3100.00,5477,102550256,317047848489.00,3031.00,3182.00,3113.00,3136.00
71483646978964608,20220515,3104.00,3120.00,4543,103707484,321881718494.00,3052.00,3165.00,3092.00,3140.00
71483646978964608,20220516,3195.00,3229.00,8376,169505887,541494220240.00,3074.00,3256.00,3104.00,3135.00
71483646978964608,20220517,3215.00,3155.00,5782,113588656,365197062365.00,3126.00,3293.00,3195.00,3259.00
71483646978964608,20220518,3109.00,3091.00,4566,72208133,224509318021.00,3070.00,3188.00,3215.00,3170.00
71483646978964608,20220521,3015.00,2985.00,4944,99866741,301104473041.00,2977.00,3080.00,3109.00,3080.00
71483646978964608,20220522,2946.00,2961.00,7019,180252571,530948597578.00,2873.00,2983.00,3015.00,2873.00
71483646978964608,20220523,2846.00,2825.00,5295,133654363,380446962098.00,2800.00,2991.00,2946.00,2960.00
71483646978964608,20220524,2805.00,2780.00,4368,89723697,251653403625.00,2760.00,2868.00,2846.00,2826.00
71483646978964608,20220525,2794.00,2790.00,4936,96731752,270243235468.00,2760.00,2830.00,2805.00,2800.00
71483646978964608,20220528,2733.00,2714.00,4422,83524998,228309924626.00,2695.00,2849.00,2794.00,2810.00
71483646978964608,20220529,2657.00,2690.00,3196,57035960,151571652240.00,2602.00,2700.00,2733.00,2680.00
71483646978964608,20220530,2657.00,2656.00,2746,48971417,130102288334.00,2600.00,2730.00,2657.00,2730.00
71483646978964608,20220531,2661.00,2660.00,2680,46148878,122814738203.00,2600.00,2700.00,2657.00,2600.00
71483646978964608,20220601,2705.00,2707.00,3065,49240454,133206589312.00,2640.00,2750.00,2661.00,2680.00
71483646978964608,20220606,2596.00,2575.00,3758,78701126,204330570353.00,2570.00,2740.00,2705.00,2740.00
71483646978964608,20220607,2598.00,2594.00,2163,42360185,110036640284.00,2568.00,2627.00,2596.00,2573.00
71483646978964608,20220608,2601.00,2600.00,1865,31868844,82881287175.00,2597.00,2634.00,2598.00,2600.00
71483646978964608,20220611,2567.00,2542.00,2494,37984102,97504644749.00,2520.00,2605.00,2601.00,2550.00
71483646978964608,20220612,2581.00,2600.00,2742,50562027,130496726463.00,2513.00,2623.00,2567.00,2584.00
71483646978964608,20220613,2705.00,2710.00,2282,99844703,270108939217.00,2601.00,2710.00,2581.00,2601.00
71483646978964608,20220614,2747.00,2705.00,3905,70924751,194795216664.00,2692.00,2787.00,2705.00,2740.00
71483646978964608,20220615,2691.00,2694.00,1566,26517326,71348096122.00,2656.00,2735.00,2747.00,2704.00
71483646978964608,20220618,2606.00,2621.00,2424,34314575,89440667651.00,2581.00,2680.00,2691.00,2680.00
71483646978964608,20220619,2606.00,2632.00,2110,46350513,120788729551.00,2580.00,2632.00,2606.00,2600.00
71483646978964608,20220620,2612.00,2610.00,1717,41269759,107810817586.00,2585.00,2649.00,2606.00,2648.00
71483646978964608,20220621,2564.00,2539.00,2024,33144863,84973721529.00,2535.00,2628.00,2612.00,2586.00
71483646978964608,20220622,2547.00,2520.00,1931,37509214,95537787201.00,2500.00,2585.00,2564.00,2550.00
71483646978964608,20220625,2513.00,2485.00,3047,70688152,177612691265.00,2485.00,2559.00,2547.00,2500.00
71483646978964608,20220626,2493.00,2534.00,1838,67793420,169040514442.00,2468.00,2550.00,2513.00,2500.00
71483646978964608,20220627,2540.00,2521.00,2048,31585702,80218133848.00,2501.00,2573.00,2493.00,2501.00
71483646978964608,20220628,2543.00,2545.00,1948,42766212,108737749424.00,2527.00,2575.00,2540.00,2550.00
71483646978964608,20220629,2525.00,2530.00,1673,38650465,97587141837.00,2492.00,2565.00,2543.00,2500.00
71483646978964608,20220702,2469.00,2440.00,2074,36558707,90266441214.00,2435.00,2525.00,2525.00,2500.00
71483646978964608,20220703,2467.00,2478.00,1654,29151184,71918219567.00,2426.00,2499.00,2469.00,2460.00
71483646978964608,20220704,2478.00,2474.00,1449,22513686,55814230549.00,2453.00,2519.00,2467.00,2459.00
71483646978964608,20220705,2536.00,2570.00,2664,56465771,143222362836.00,2471.00,2572.00,2478.00,2471.00
71483646978964608,20220706,2562.00,2543.00,2350,51656191,132355414391.00,2500.00,2605.00,2536.00,2500.00
71483646978964608,20220709,2512.00,2508.00,1814,34652765,87037611886.00,2477.00,2589.00,2562.00,2549.00
71483646978964608,20220711,2506.00,2459.00,2174,41513334,104034176392.00,2450.00,2575.00,2512.00,2529.00
71483646978964608,20220712,2439.00,2420.00,2735,58544952,142796215779.00,2410.00,2500.00,2506.00,2450.00
71483646978964608,20220713,2439.00,2420.00,0,0,0.00,0.00,0.00,2439.00,0.00
71483646978964608,20220716,2439.00,2420.00,0,0,0.00,0.00,0.00,2439.00,0.00
71483646978964608,20220717,2439.00,2420.00,0,0,0.00,0.00,0.00,2439.00,0.00
71483646978964608,20220719,2379.00,2360.00,0,0,0.00,0.00,0.00,2379.00,0.00
71483646978964608,20220720,2368.00,2362.00,585,17170736,40579677986.00,2353.00,2380.00,2379.00,2361.00
71483646978964608,20220723,2301.00,2290.00,4857,106537632,245175836049.00,2260.00,2349.00,2368.00,2349.00
71483646978964608,20220724,2273.00,2230.00,2804,58510761,133000771719.00,2222.00,2332.00,2301.00,2278.00
71483646978964608,20220725,2165.00,2160.00,1959,48911996,105912098064.00,2160.00,2230.00,2273.00,2220.00
71483646978964608,20220726,2145.00,2131.00,2297,41752822,89576789811.00,2115.00,2199.00,2165.00,2144.00
71483646978964608,20220727,2160.00,2170.00,1544,28822022,62252557048.00,2140.00,2179.00,2145.00,2140.00
71483646978964608,20220730,2175.00,2140.00,2018,43446304,94516598614.00,2130.00,2220.00,2160.00,2171.00
71483646978964608,20220731,2073.00,2067.00,3002,76682279,158973030231.00,2067.00,2133.00,2175.00,2130.00
71483646978964608,20220801,2084.00,2082.00,1908,38356454,79936166298.00,2058.00,2110.00,2073.00,2060.00
71483646978964608,20220802,2076.00,2081.00,1457,19214152,39842849485.00,2060.00,2103.00,2084.00,2103.00
71483646978964608,20220803,2149.00,2179.00,2699,95388687,204981186214.00,2062.00,2179.00,2076.00,2062.00
71483646978964608,20220806,2248.00,2256.00,2223,78295404,176027314759.00,2180.00,2256.00,2149.00,2180.00
71483646978964608,20220809,2338.00,2360.00,3271,110230733,257762633784.00,2180.00,2360.00,2248.00,2280.00
71483646978964608,20220810,2440.00,2454.00,4920,147048301,358848520896.00,2351.00,2454.00,2338.00,2389.00
71483646978964608,20220813,2551.00,2562.00,1717,69936248,178434852303.00,2454.00,2562.00,2440.00,2499.00
71483646978964608,20220814,2655.00,2678.00,7298,284170360,754475831430.00,2572.00,2678.00,2551.00,2678.00
71483646978964608,20220815,2767.00,2787.00,6564,299036566,827301417125.00,2681.00,2787.00,2655.00,2695.00
71483646978964608,20220816,2885.00,2824.00,7589,264314836,762460096394.00,2801.00,2905.00,2767.00,2815.00
71483646978964608,20220817,2871.00,2833.00,4821,142838715,410149105487.00,2820.00,2990.00,2885.00,2881.00
71483646978964608,20220820,2730.00,2728.00,4318,186390401,508900625470.00,2728.00,2848.00,2871.00,2848.00
71483646978964608,20220821,2692.00,2653.00,3714,102949595,277152862055.00,2638.00,2779.00,2730.00,2661.00
71483646978964608,20220822,2757.00,2724.00,3521,118304564,326173894333.00,2672.00,2825.00,2692.00,2696.00
71483646978964608,20220823,2757.00,2761.00,2890,69611823,191923835332.00,2712.00,2810.00,2757.00,2750.00
71483646978964608,20220824,2798.00,2851.00,2375,69321729,193958041351.00,2750.00,2851.00,2757.00,2750.00
71483646978964608,20220827,2801.00,2738.00,2330,49284180,138035628640.00,2730.00,2870.00,2798.00,2849.00
71483646978964608,20220828,2774.00,2795.00,1961,46681808,129483432594.00,2706.00,2820.00,2801.00,2768.00
71483646978964608,20220829,2905.00,2912.00,4302,192312353,558690245133.00,2810.00,2912.00,2774.00,2810.00
71483646978964608,20220830,2987.00,2951.00,6743,211307366,631105743018.00,2914.00,3050.00,2905.00,2970.00
71483646978964608,20220831,2951.00,2936.00,2787,78600786,231963896966.00,2900.00,3001.00,2987.00,2975.00
71483646978964608,20220903,2842.00,2850.00,2420,71679595,203697265218.00,2810.00,2931.00,2951.00,2931.00
71483646978964608,20220904,2893.00,2915.00,919,27282531,78927776174.00,2870.00,2924.00,2842.00,2871.00
71483646978964608,20220905,2952.00,2917.00,3671,104832739,309506745823.00,2885.00,3016.00,2893.00,2975.00
71483646978964608,20220906,2866.00,2845.00,1858,38755291,111054954152.00,2830.00,2949.00,2952.00,2899.00
71483646978964608,20220907,2765.00,2739.00,2793,62841290,173731677346.00,2724.00,2850.00,2866.00,2830.00
71483646978964608,20220910,2711.00,2699.00,1716,39458879,106975621444.00,2642.00,2760.00,2765.00,2729.00
71483646978964608,20220911,2736.00,2689.00,2013,39459794,107980325327.00,2670.00,2834.00,2711.00,2670.00
71483646978964608,20220912,2770.00,2740.00,1974,41814678,115826120022.00,2689.00,2840.00,2736.00,2700.00
71483646978964608,20220913,2793.00,2769.00,1431,34177994,95444819702.00,2740.00,2850.00,2770.00,2740.00
71483646978964608,20220914,2744.00,2751.00,1360,23230333,63683149371.00,2712.00,2810.00,2793.00,2810.00
71483646978964608,20220918,2623.00,2607.00,2226,83698697,219581823492.00,2607.00,2721.00,2744.00,2717.00
71483646978964608,20220919,2536.00,2514.00,2443,55063288,139643288728.00,2501.00,2638.00,2623.00,2570.00
71483646978964608,20220920,2529.00,2510.00,1426,33580180,84913762135.00,2493.00,2570.00,2536.00,2515.00
71483646978964608,20220921,2499.00,2580.00,1590,30534641,76315925963.00,2454.00,2580.00,2529.00,2455.00
71483646978964608,20220924,2456.00,2398.00,2133,39233333,96344134166.00,2387.00,2559.00,2499.00,2554.00
71483646978964608,20220926,2472.00,2495.00,1488,29761652,73565157081.00,2406.00,2529.00,2456.00,2410.00
71483646978964608,20220928,2510.00,2499.00,1201,17882668,45145533418.00,2492.00,2575.00,2472.00,2500.00
71483646978964608,20221001,2392.00,2385.00,1622,66584060,159266339933.00,2385.00,2510.00,2510.00,2510.00
71483646978964608,20221002,2322.00,2322.00,1481,37716759,87584940130.00,2303.00,2370.00,2392.00,2305.00
71483646978964608,20221003,2410.00,2383.00,2326,69390680,167243614506.00,2307.00,2438.00,2322.00,2311.00
71483646978964608,20221004,2383.00,2393.00,1308,23443283,55827492383.00,2353.00,2430.00,2410.00,2403.00
71483646978964608,20221008,2363.00,2329.00,1402,24405351,57673868371.00,2325.00,2407.00,2383.00,2333.00
71483646978964608,20221009,2266.00,2268.00,1737,51235999,116108672803.00,2245.00,2338.00,2363.00,2320.00
71483646978964608,20221010,2272.00,2267.00,1226,25308478,57507135019.00,2257.00,2318.00,2266.00,2272.00
71483646978964608,20221011,2318.00,2309.00,1301,31830419,73778111132.00,2272.00,2353.00,2272.00,2272.00
71483646978964608,20221012,2329.00,2370.00,1123,27812612,64788371171.00,2310.00,2377.00,2318.00,2349.00
71483646978964608,20221015,2315.00,2284.00,1047,19757636,45665674424.00,2270.00,2364.00,2329.00,2350.00
71483646978964608,20221016,2220.00,2222.00,1943,60947374,135312414022.00,2200.00,2315.00,2315.00,2315.00
71483646978964608,20221017,2228.00,2241.00,1128,21724875,48432102385.00,2215.00,2258.00,2220.00,2218.00
71483646978964608,20221018,2276.00,2262.00,1116,21594131,49286682219.00,2260.00,2338.00,2228.00,2267.00
71483646978964608,20221019,2262.00,2230.00,1245,22936728,51869870017.00,2228.00,2300.00,2276.00,2264.00
71483646978964608,20221022,2253.00,2220.00,1354,41717520,93986616003.00,2200.00,2280.00,2262.00,2250.00
71483646978964608,20221023,2158.00,2160.00,3096,87750427,189344932343.00,2141.00,2215.00,2253.00,2170.00
71483646978964608,20221024,2126.00,2126.00,1767,41011828,87174339529.00,2090.00,2196.00,2158.00,2166.00
71483646978964608,20221025,2105.00,2089.00,1698,32506788,68410934499.00,2081.00,2150.00,2126.00,2126.00
71483646978964608,20221026,2011.00,2007.00,3055,93678633,188419510424.00,2000.00,2118.00,2105.00,2105.00
71483646978964608,20221029,1987.00,1962.00,2367,73053917,145132785662.00,1936.00,2058.00,2011.00,2030.00
71483646978964608,20221030,1995.00,2003.00,1645,47113844,94010798869.00,1987.00,2020.00,1987.00,1992.00
71483646978964608,20221031,2078.00,2094.00,1989,68171684,141635637644.00,2020.00,2094.00,1995.00,2040.00
71483646978964608,20221101,2166.00,2159.00,2951,91949802,199175439293.00,2120.00,2181.00,2078.00,2121.00
71483646978964608,20221102,2185.00,2190.00,2515,61467919,134301152128.00,2128.00,2245.00,2166.00,2180.00
71483646978964608,20221105,2279.00,2294.00,1653,56014112,127672560199.00,2220.00,2294.00,2185.00,2230.00
71483646978964608,20221106,2320.00,2330.00,2577,64002292,148502250589.00,2267.00,2354.00,2279.00,2322.00
71483646978964608,20221107,2424.00,2436.00,1822,73559005,178327885072.00,2330.00,2436.00,2320.00,2390.00
71483646978964608,20221108,2498.00,2440.00,4094,160232561,400274212091.00,2404.00,2545.00,2424.00,2545.00
71483646978964608,20221109,2469.00,2499.00,3889,121217203,299280799152.00,2380.00,2536.00,2498.00,2405.00
71483646978964608,20221112,2451.00,2410.00,2628,54903848,134565499315.00,2400.00,2499.00,2469.00,2434.00
71483646978964608,20221113,2365.00,2329.00,2886,67565640,159793445671.00,2329.00,2410.00,2451.00,2385.00
71483646978964608,20221114,2322.00,2310.00,2000,57298239,133029586941.00,2265.00,2380.00,2365.00,2365.00
71483646978964608,20221115,2311.00,2290.00,2781,65962609,152432238153.00,2284.00,2346.00,2322.00,2322.00
71483646978964608,20221116,2361.00,2360.00,2029,53104183,125384755461.00,2270.00,2410.00,2311.00,2270.00
71483646978964608,20221119,2268.00,2275.00,1827,45894120,104073936014.00,2243.00,2360.00,2361.00,2360.00
71483646978964608,20221120,2374.00,2381.00,2612,102239819,242743594538.00,2277.00,2381.00,2268.00,2277.00
71483646978964608,20221121,2381.00,2338.00,1757,45661667,108718211350.00,2330.00,2426.00,2374.00,2420.00
71483646978964608,20221122,2339.00,2361.00,1447,25591077,59854093002.00,2310.00,2374.00,2381.00,2339.00
71483646978964608,20221123,2334.00,2337.00,1625,42966428,100282312596.00,2303.00,2385.00,2339.00,2379.00
71483646978964608,20221126,2328.00,2318.00,1177,22256450,51802744005.00,2301.00,2369.00,2334.00,2330.00
71483646978964608,20221127,2369.00,2370.00,2037,52593950,124584636396.00,2298.00,2420.00,2328.00,2298.00
71483646978964608,20221128,2374.00,2359.00,1401,32831593,77947744025.00,2356.00,2407.00,2369.00,2370.00
71483646978964608,20221129,2372.00,2363.00,1315,28034466,66499980724.00,2300.00,2408.00,2374.00,2352.00
71483646978964608,20221130,2377.00,2369.00,1227,24454296,58121307489.00,2352.00,2400.00,2372.00,2370.00
71483646978964608,20221203,2384.00,2376.00,1297,28678400,68367817744.00,2350.00,2401.00,2377.00,2401.00
71483646978964608,20221204,2355.00,2349.00,2023,48974293,115334279480.00,2315.00,2388.00,2384.00,2377.00
71483646978964608,20221205,2468.00,2472.00,5415,328399152,810568362069.00,2370.00,2472.00,2355.00,2392.00
71483646978964608,20221206,2448.00,2421.00,2710,76588128,187514018861.00,2412.00,2488.00,2468.00,2482.00
71483646978964608,20221207,2357.00,2352.00,4184,107522611,253446705219.00,2334.00,2440.00,2448.00,2440.00
71483646978964608,20221210,2304.00,2280.00,2086,53808614,123997071274.00,2267.00,2379.00,2357.00,2370.00
71483646978964608,20221211,2318.00,2342.00,1846,56165768,130180394188.00,2285.00,2344.00,2304.00,2306.00
71483646978964608,20221212,2383.00,2403.00,2592,120384405,286864614023.00,2340.00,2415.00,2318.00,2384.00
71483646978964608,20221213,2472.00,2480.00,3269,108008260,266995903324.00,2400.00,2500.00,2383.00,2403.00
71483646978964608,20221214,2512.00,2479.00,3098,99959540,251134863487.00,2472.00,2578.00,2472.00,2500.00
71483646978964608,20221217,2479.00,2513.00,3246,107276824,265932522860.00,2440.00,2523.00,2512.00,2503.00
71483646978964608,20221218,2598.00,2602.00,4373,271368935,704992413748.00,2524.00,2602.00,2479.00,2524.00
71483646978964608,20221219,2593.00,2542.00,3872,134721019,349395599408.00,2536.00,2650.00,2598.00,2610.00
71483646978964608,20221220,2524.00,2495.00,2902,86809201,219080852110.00,2484.00,2598.00,2593.00,2580.00
71483646978964608,20221221,2504.00,2524.00,2716,71707865,179578652470.00,2479.00,2559.00,2524.00,2521.00
71483646978964608,20221224,2622.00,2629.00,1694,87307349,228886111422.00,2555.00,2629.00,2504.00,2556.00
71483646978964608,20221225,2688.00,2649.00,4420,151019213,405998351955.00,2645.00,2731.00,2622.00,2731.00
71483646978964608,20221226,2790.00,2822.00,5427,249137410,695094459128.00,2652.00,2822.00,2688.00,2678.00
71483646978964608,20221228,2928.00,2929.00,2439,201016159,588486786436.00,2880.00,2929.00,2790.00,2890.00
71483646978964608,20221231,2972.00,3000.00,11865,482211895,1433088175274.00,2829.00,3074.00,2928.00,2890.00
71483646978964608,20230101,2929.00,2971.00,5949,221467846,648608558508.00,2841.00,3050.00,2972.00,2950.00
71483646978964608,20230102,3064.00,3075.00,4547,294521518,902453830180.00,2973.00,3075.00,2929.00,2990.00
71483646978964608,20230103,3044.00,3030.00,6188,187419191,570591316158.00,2967.00,3178.00,3064.00,3130.00
71483646978964608,20230104,3057.00,3079.00,3375,93115059,284630036172.00,2942.00,3130.00,3044.00,3046.00
71483646978964608,20230107,3197.00,3209.00,4987,162214440,518589393434.00,3090.00,3209.00,3057.00,3090.00
71483646978964608,20230108,3353.00,3356.00,4976,271269722,909449752376.00,3265.00,3356.00,3197.00,3265.00
71483646978964608,20230109,3518.00,3520.00,6683,395245550,1390615884550.00,3424.00,3520.00,3353.00,3500.00
71483646978964608,20230110,3496.00,3496.00,9324,214529276,750069487545.00,3428.00,3647.00,3518.00,3587.00
71483646978964608,20230111,3448.00,3387.00,6073,167538199,577672342538.00,3373.00,3567.00,3496.00,3480.00
71483646978964608,20230114,3435.00,3508.00,4759,122533458,420950206979.00,3276.00,3548.00,3448.00,3300.00
71483646978964608,20230115,3435.00,3508.00,0,0,0.00,0.00,0.00,3435.00,0.00
71483646978964608,20230116,3602.00,3606.00,5599,262605489,945861552310.00,3525.00,3606.00,3435.00,3530.00
71483646978964608,20230117,3609.00,3550.00,7079,214511014,774276669093.00,3499.00,3720.00,3602.00,3680.00
71483646978964608,20230118,3609.00,3550.00,0,0,0.00,0.00,0.00,3609.00,0.00
71483646978964608,20230121,3609.00,3550.00,0,0,0.00,0.00,0.00,3609.00,0.00
71483646978964608,20230122,3609.00,3550.00,0,0,0.00,0.00,0.00,3609.00,0.00
71483646978964608,20230123,3609.00,3550.00,0,0,0.00,0.00,0.00,3609.00,0.00
71483646978964608,20230124,3103.00,3161.00,1708,76540804,237494321344.00,3070.00,3169.00,3136.00,3080.00
71483646978964608,20230125,3057.00,3035.00,5489,164832452,503825797661.00,2948.00,3199.00,3103.00,3180.00
71483646978964608,20230128,2930.00,2905.00,3612,280908470,823201323551.00,2905.00,3040.00,3057.00,3040.00
71483646978964608,20230129,2785.00,2785.00,3690,227263107,632950589998.00,2784.00,2870.00,2930.00,2789.00
71483646978964608,20230130,2730.00,2740.00,4484,110066819,300428676368.00,2670.00,2827.00,2785.00,2705.00
71483646978964608,20230131,2733.00,2720.00,3123,84420265,230728779463.00,2680.00,2820.00,2730.00,2750.00
71483646978964608,20230201,2732.00,2733.00,2084,46723366,127671363941.00,2681.00,2805.00,2733.00,2733.00
71483646978964608,20230205,2659.00,2606.00,3490,104218237,277168207623.00,2603.00,2748.00,2732.00,2690.00
71483646978964608,20230206,2599.00,2590.00,2673,71336763,185435244627.00,2560.00,2640.00,2659.00,2640.00
71483646978964608,20230207,2661.00,2699.00,3385,85491721,227502887064.00,2590.00,2700.00,2599.00,2636.00
71483646978964608,20230208,2789.00,2794.00,5461,314137526,875992044002.00,2661.00,2794.00,2661.00,2700.00
71483646978964608,20230212,2854.00,2900.00,5421,183097593,522581731118.00,2770.00,2926.00,2789.00,2819.00
71483646978964608,20230213,2990.00,2996.00,6494,253872480,759195547765.00,2930.00,2996.00,2854.00,2957.00
71483646978964608,20230214,2966.00,2930.00,3645,84722533,251309880492.00,2912.00,3059.00,2990.00,3000.00
71483646978964608,20230215,2860.00,2841.00,3829,109726878,313839878269.00,2818.00,2949.00,2966.00,2949.00
71483646978964608,20230219,2995.00,3003.00,4349,197882779,592595335454.00,2854.00,3003.00,2860.00,2855.00
71483646978964608,20230220,3144.00,3144.00,1367,72847105,229031298120.00,3144.00,3144.00,2995.00,3144.00
71483646978964608,20230221,3301.00,3301.00,1370,76813143,253560185043.00,3301.00,3301.00,3144.00,3301.00
71483646978964608,20230222,3454.00,3466.00,12799,653071610,2255521193714.00,3382.00,3466.00,3301.00,3448.00
71483646978964608,20230225,3626.00,3626.00,1774,112003253,406123795378.00,3626.00,3626.00,3454.00,3626.00
71483646978964608,20230226,3789.00,3792.00,12526,563430155,2134811335056.00,3680.00,3807.00,3626.00,3807.00
71483646978964608,20230227,3671.00,3601.00,11862,394338558,1447778503284.00,3600.00,3839.00,3789.00,3690.00
71483646978964608,20230228,3690.00,3595.00,8040,250869380,925650759526.00,3531.00,3810.00,3671.00,3610.00
71483646978964608,20230301,3534.00,3506.00,7661,259297956,916346758856.00,3506.00,3618.00,3690.00,3600.00
71483646978964608,20230304,3399.00,3400.00,5508,160750940,546410974630.00,3358.00,3506.00,3534.00,3488.00
71483646978964608,20230305,3424.00,3394.00,3672,103148248,353214882618.00,3387.00,3500.00,3399.00,3400.00
71483646978964608,20230306,3379.00,3390.00,4122,134387921,454030624268.00,3254.00,3488.00,3424.00,3393.00
71483646978964608,20230307,3541.00,3547.00,3259,170550098,603925229530.00,3402.00,3547.00,3379.00,3402.00
71483646978964608,20230311,3564.00,3479.00,6773,221061219,787779269773.00,3455.00,3718.00,3541.00,3660.00
71483646978964608,20230312,3435.00,3388.00,3961,86909127,298561623347.00,3386.00,3493.00,3564.00,3450.00
71483646978964608,20230313,3404.00,3400.00,4802,144986287,493492525210.00,3340.00,3525.00,3435.00,3430.00
71483646978964608,20230314,3528.00,3574.00,6409,134007425,472758286888.00,3404.00,3574.00,3404.00,3410.00
71483646978964608,20230315,3693.00,3704.00,4117,170062127,628021979114.00,3574.00,3704.00,3528.00,3610.00
71483646978964608,20230318,3877.00,3877.00,2678,184183214,714078320678.00,3877.00,3877.00,3693.00,3877.00
71483646978964608,20230319,3984.00,4070.00,8003,226365588,901834587487.00,3874.00,4070.00,3877.00,3960.00
71483646978964608,20230325,4181.00,4183.00,4848,282995066,1183164823933.00,4013.00,4183.00,3984.00,4070.00
71483646978964608,20230326,4320.00,4200.00,11595,353354156,1526532447292.00,4100.00,4390.00,4181.00,4310.00
71483646978964608,20230327,4301.00,4340.00,8095,199433504,857837197235.00,4140.00,4440.00,4320.00,4140.00
71483646978964608,20230328,4437.00,4516.00,6608,214646977,952334922402.00,4270.00,4516.00,4301.00,4301.00
71483646978964608,20230329,4655.00,4658.00,9034,495366189,2305870076803.00,4589.00,4658.00,4437.00,4658.00
71483646978964608,20230403,4779.00,4887.00,11684,307742201,1470678475617.00,4552.00,4887.00,4655.00,4695.00
71483646978964608,20230404,4757.00,4616.00,10565,273822430,1302448251092.00,4543.00,4997.00,4779.00,4889.00
71483646978964608,20230405,4808.00,4828.00,7426,188478369,906217316423.00,4550.00,4926.00,4757.00,4600.00
71483646978964608,20230408,5023.00,4934.00,9375,292301326,1468114707598.00,4808.00,5048.00,4808.00,4828.00
71483646978964608,20230409,4962.00,4894.00,10369,195164211,968316820558.00,4830.00,5140.00,5023.00,5012.00
71483646978964608,20230410,4750.00,4714.00,15194,485261839,2305065889625.00,4714.00,4950.00,4962.00,4940.00
71483646978964608,20230411,4755.00,4860.00,7503,201077585,956067816623.00,4620.00,4860.00,4750.00,4620.00
71483646978964608,20230415,4902.00,4919.00,8511,229250368,1123678658795.00,4830.00,4990.00,4755.00,4910.00
71483646978964608,20230416,4909.00,4899.00,8184,237015264,1163399033646.00,4842.00,5008.00,4902.00,4970.00
71483646978964608,20230417,4847.00,4780.00,7732,155254327,752507684445.00,4739.00,4947.00,4909.00,4890.00
71483646978964608,20230418,5060.00,5050.00,12936,592425959,2997545470229.00,4770.00,5089.00,4847.00,4860.00
71483646978964608,20230419,4952.00,4870.00,11115,251752922,1246620953014.00,4818.00,5095.00,5060.00,5087.00
71483646978964608,20230424,4839.00,4830.00,8262,167968973,812868947689.00,4750.00,4981.00,4952.00,4900.00
71483646978964608,20230425,5046.00,4940.00,12434,500308640,2524498267443.00,4780.00,5080.00,4839.00,4780.00
71483646978964608,20230426,5017.00,5129.00,7188,190162017,954001133942.00,4840.00,5129.00,5046.00,5012.00
71483646978964608,20230429,5260.00,5260.00,5658,424387316,2232277282160.00,5260.00,5260.00,5017.00,5260.00
71483646978964608,20230430,5490.00,5520.00,12914,438973443,2410365320380.00,5300.00,5520.00,5260.00,5420.00
71483646978964608,20230501,5490.00,5470.00,9103,211539901,1161225504590.00,5340.00,5630.00,5490.00,5550.00
71483646978964608,20230502,5670.00,5600.00,11139,278070321,1576093443940.00,5500.00,5760.00,5490.00,5580.00
71483646978964608,20230503,5440.00,5420.00,21455,501220331,2728993787950.00,5390.00,5700.00,5670.00,5670.00
71483646978964608,20230506,5480.00,5480.00,14632,291897418,1599366900050.00,5380.00,5570.00,5440.00,5500.00
71483646978964608,20230507,5230.00,5210.00,8051,341531199,1784888852060.00,5210.00,5550.00,5480.00,5540.00
71483646978964608,20230508,4980.00,4970.00,3099,80498778,400639156830.00,4970.00,5020.00,5230.00,4980.00
71483646978964608,20230509,4860.00,4900.00,11154,320125443,1556121826280.00,4740.00,5000.00,4980.00,4740.00
71483646978964608,20230507,5230.00,5210.00,8051,341531199,1784888852060.00,5210.00,5550.00,5480.00,5540.00
71483646978964608,20230508,4980.00,4970.00,3099,80498778,400639156830.00,4970.00,5020.00,5230.00,4980.00
71483646978964608,20230509,4860.00,4900.00,11154,320125443,1556121826280.00,4740.00,5000.00,4980.00,4740.00
71483646978964608,20230510,4650.00,4620.00,7154,273317755,1271605459580.00,4620.00,4990.00,4860.00,4980.00
71483646978964608,20230513,4426.00,4418.00,6770,291170980,1288815060827.00,4418.00,4550.00,4650.00,4520.00
71483646978964608,20230514,4536.00,4608.00,6966,169684567,769747044228.00,4400.00,4640.00,4426.00,4450.00
71483646978964608,20230515,4484.00,4441.00,5793,152810300,685276802050.00,4403.00,4600.00,4536.00,4600.00
71483646978964608,20230515,4484.00,4441.00,5793,152810300,685276802050.00,4403.00,4600.00,4536.00,4600.00
71483646978964608,20230517,4450.00,4410.00,6592,150504691,669742143534.00,4400.00,4541.00,4484.00,4470.00
71483646978964608,20230515,4484.00,4441.00,5793,152810300,685276802050.00,4403.00,4600.00,4536.00,4600.00
71483646978964608,20230517,4450.00,4410.00,6592,150504691,669742143534.00,4400.00,4541.00,4484.00,4470.00
71483646978964608,20230515,4484.00,4441.00,5793,152810300,685276802050.00,4403.00,4600.00,4536.00,4600.00
71483646978964608,20230517,4450.00,4410.00,6592,150504691,669742143534.00,4400.00,4541.00,4484.00,4470.00
71483646978964608,20230515,4484.00,4441.00,5793,152810300,685276802050.00,4403.00,4600.00,4536.00,4600.00
71483646978964608,20230517,4450.00,4410.00,6592,150504691,669742143534.00,4400.00,4541.00,4484.00,4470.00
71483646978964608,20230515,4484.00,4441.00,5793,152810300,685276802050.00,4403.00,4600.00,4536.00,4600.00
71483646978964608,20230517,4450.00,4410.00,6592,150504691,669742143534.00,4400.00,4541.00,4484.00,4470.00
71483646978964608,20230520,4284.00,4228.00,10349,326398401,1398153982098.00,4228.00,4490.00,4450.00,4413.00
71483646978964608,20230521,4212.00,4299.00,7692,187299789,788980499787.00,4087.00,4319.00,4284.00,4166.00
71483646978964608,20230522,4421.00,4422.00,6614,446633532,1974469596022.00,4251.00,4422.00,4212.00,4251.00
71483646978964608,20230523,4428.00,4288.00,8589,190996624,845699512095.00,4281.00,4543.00,4421.00,4475.00
71483646978964608,20230524,4378.00,4355.00,5287,122244045,535210519264.00,4307.00,4449.00,4428.00,4360.00
71483646978964608,20230527,4233.00,4240.00,4970,103408188,437765926485.00,4197.00,4355.00,4378.00,4313.00
71483646978964608,20230528,4057.00,4111.00,5682,152395687,618205118866.00,4022.00,4240.00,4233.00,4240.00
71483646978964608,20230529,4174.00,4170.00,3106,66184063,276257953442.00,4089.00,4220.00,4057.00,4130.00
71483646978964608,20230530,4236.00,4130.00,3167,78711544,333452346550.00,4130.00,4335.00,4174.00,4181.00
71483646978964608,20230531,4153.00,4150.00,2730,76871033,319272458473.00,4101.00,4236.00,4236.00,4170.00
71483646978964608,20230603,4221.00,4211.00,2843,56851247,239974013429.00,4153.00,4279.00,4153.00,4179.00
71483646978964608,20230606,4270.00,4310.00,3269,69995313,298862395793.00,4218.00,4360.00,4221.00,4225.00
